"species"	"seq_id"	"cds_nt"	"codon_tokens"	"num_codons"	"gc_content"	"dominant_reference_coverage"	"avg_window_heterogeneity"	"sparse_difference_ratio"	"has_internal_stop"	"length_group"	"terminal_stop_policy"	"sampling_view"	"regularity_group"	"regularity_quartile"	"regularity_bin_n"	"regularity_q1"	"regularity_q3"	"regularity_is_reportable"
"human"	"lcl|NC_000009.12_cds_XP_011516460.1_64573"	"ATGGCCTCTCTGGGGGACCTGGTGCGCGCCTGGCACCTGGGCGCGCAGGCTGTGGATCGTGGGGACTGGGCCCGCGCCTTGCACCTCTTCTCGGGCGTCCCGGCGCCGCCCGCCAGGCTGTGCTTCAACGCGGGCTGCGTGCACCTGCTGGCCGGGGACCCCGAGGCCGCGCTGCGGGCATTTGACCAAGCCGTGACCAAGGACACCTGCATGGCGGTTGGCTTCTTCCAGCGAGGAGTGGCCAACTTCCAGCTGGCAAGGTTCCAGGAGGCTCTGTCTGACTTCTGGCTGGCCCTGGAGCAGCTGAGGGGCCACGCTGCCATCGACTACACGCAGCTGGGCCTGCGGTTCAAGCTGCAAGCCTGGGAGGTGCTACACAATGTGGCGTCGGCACAGTGCCAGCTGGGGCTCTGGACAGAGGCGGCCAGCAGCCTAAGGGAGGCCATGTCCAAGTGGCCGGAGGGGTCCCTGAATGGCCTGGACTCAGCCCTGGACCAAGTGCAGGTGGTGGCCTCTGCCATCCCCGACGACCAGGGCTGGGGCGTCCGCCCTCAGCAGCCACAGGGACCAGGAGCGAACCATGATGCCAGGTCCCTAATCATGGACTCCCCAAGAGCTGGCACCCACCAGGGCCCCCTCGATGCAGAGACAGAGGTCGGTGCTGACCGCTGCACGTCGACTGCCTACCAGGAGCAGAGGCCCCAGGTGGAGCAAGTTGGCAAACAGGCTCCTCTCTCCCCAGGGCTGCCGGCAATGGGGGGGCCTGGCCCCGGCCCCTGTGAGGACCCCGCGGGTGCTGGGGGAGCAGGTGCAGGGGGCTCCGAGCCCCTGGTGACTGTCACCGTGCAGTGCGCCTTCACAGTGGCCCTGAGGGCACGAAGAGGAGCCGACCTGTCCAGCCTGCGGGCACTGCTGGGCCAAGCCCTCCCTCACCAGGCCCAGCTTGGGCAACTCAGTTACCTAGCCCCAGGTGAGGACGGGCACTGGGTCCCCATCCCCGAGGAGGAGTCGCTGCAGAGGGCCTGGCAGGACGCAGCTGCCTGCCCCAGGGGGCTGCAGCTGCAGTGCAGGGGAGCCGGGGGTCGGCCGGTCCTCTACCAGGTGGTGGCCCAGCACAGCTACTCCGCCCAGGGGCCAGAGGACCTGGGCTTCCGACAGGGGGACACGGTGGACGTCCTGTGTGAAGAGCCCGATGTCCCCCTTGCAGTGGACCAGGCATGGCTGGAGGGCCACTGTGACGGCCGCATCGGCATCTTCCCCAAGTGCTTCGTGGTCCCCGCCGGCCCTCGGATGTCAGGAGCCCCCGGCCGCCTGCCCCGATCCCAGCAGGGAGATCAGCCCTAA"	"ATG GCC TCT CTG GGG GAC CTG GTG CGC GCC TGG CAC CTG GGC GCG CAG GCT GTG GAT CGT GGG GAC TGG GCC CGC GCC TTG CAC CTC TTC TCG GGC GTC CCG GCG CCG CCC GCC AGG CTG TGC TTC AAC GCG GGC TGC GTG CAC CTG CTG GCC GGG GAC CCC GAG GCC GCG CTG CGG GCA TTT GAC CAA GCC GTG ACC AAG GAC ACC TGC ATG GCG GTT GGC TTC TTC CAG CGA GGA GTG GCC AAC TTC CAG CTG GCA AGG TTC CAG GAG GCT CTG TCT GAC TTC TGG CTG GCC CTG GAG CAG CTG AGG GGC CAC GCT GCC ATC GAC TAC ACG CAG CTG GGC CTG CGG TTC AAG CTG CAA GCC TGG GAG GTG CTA CAC AAT GTG GCG TCG GCA CAG TGC CAG CTG GGG CTC TGG ACA GAG GCG GCC AGC AGC CTA AGG GAG GCC ATG TCC AAG TGG CCG GAG GGG TCC CTG AAT GGC CTG GAC TCA GCC CTG GAC CAA GTG CAG GTG GTG GCC TCT GCC ATC CCC GAC GAC CAG GGC TGG GGC GTC CGC CCT CAG CAG CCA CAG GGA CCA GGA GCG AAC CAT GAT GCC AGG TCC CTA ATC ATG GAC TCC CCA AGA GCT GGC ACC CAC CAG GGC CCC CTC GAT GCA GAG ACA GAG GTC GGT GCT GAC CGC TGC ACG TCG ACT GCC TAC CAG GAG CAG AGG CCC CAG GTG GAG CAA GTT GGC AAA CAG GCT CCT CTC TCC CCA GGG CTG CCG GCA ATG GGG GGG CCT GGC CCC GGC CCC TGT GAG GAC CCC GCG GGT GCT GGG GGA GCA GGT GCA GGG GGC TCC GAG CCC CTG GTG ACT GTC ACC GTG CAG TGC GCC TTC ACA GTG GCC CTG AGG GCA CGA AGA GGA GCC GAC CTG TCC AGC CTG CGG GCA CTG CTG GGC CAA GCC CTC CCT CAC CAG GCC CAG CTT GGG CAA CTC AGT TAC CTA GCC CCA GGT GAG GAC GGG CAC TGG GTC CCC ATC CCC GAG GAG GAG TCG CTG CAG AGG GCC TGG CAG GAC GCA GCT GCC TGC CCC AGG GGG CTG CAG CTG CAG TGC AGG GGA GCC GGG GGT CGG CCG GTC CTC TAC CAG GTG GTG GCC CAG CAC AGC TAC TCC GCC CAG GGG CCA GAG GAC CTG GGC TTC CGA CAG GGG GAC ACG GTG GAC GTC CTG TGT GAA GAG CCC GAT GTC CCC CTT GCA GTG GAC CAG GCA TGG CTG GAG GGC CAC TGT GAC GGC CGC ATC GGC ATC TTC CCC AAG TGC TTC GTG GTC CCC GCC GGC CCT CGG ATG TCA GGA GCC CCC GGC CGC CTG CCC CGA TCC CAG CAG GGA GAT CAG CCC"	"447"	"0.690529"	"0.219707"	"0.889987"	"0.159099"	"false"	"L4_very_long"	"drop_stop"	"balanced"	"high_regularity"	"q4"	"150"	"0.194916"	"0.217602"	"true"
"human"	"lcl|NC_000009.12_cds_XP_011516859.1_62992"	"ATGGAGCCCCGGGGCTGTGCCACCCAGCCATGCCACCACGGCGCTCTGTGTGTGCCCCAGGGTCCAGATCCCACCGGCTTCCGCTGCTACTGCGTGCCGGGTTTCCAGGGCCCACGCTGCGAGCTGGACATCGATGAGTGTGCATCCCGGCCGTGCCACCATGGGGCCACCTGCCGCAACCTGGCCGATCGCTACGAGTGCCATTGCCCCCTTGGCTATGCAGGCGTGACCTGCGAGATGGAGGTGGACGAGTGCGCCTCAGCGCCCTGCCTGCACGGGGGCTCGTGCCTGGACGGCGTGGGCTCCTTCCGCTGTGTGTGCGCGCCAGGCTACGGGGGCACCCGTTGCCAGCTGGACCTCGACGAGTGCCAGAGCCAGCCGTGCGCACATGGGGGCACGTGCCACGACCTGGTCAACGGGTTCCGGTGCGACTGCGCGGGCACCGGCTACGAGGGCACGCACTGCGAGCGGGAGGTGCTGGAGTGCGCATCGGCGCCCTGCGAGCACAACGCGTCCTGCCTCGAGGGCCTCGGGAGCTTCCGCTGCCTCTGTTGGCCAGGCTACAGCGGCGAGCTGTGCGAGGTGGACGAGGACGAGTGTGCATCGAGCCCCTGCCAGCATGGGGGCCGATGCCTGCAGCGCTCTGACCCGGCCCTCTACGGGGGTGTCCAGGCCGCCTTCCCTGGCGCCTTCAGCTTCCGCCATGCTGCGGGTTTCCTGTGCCACTGCCCTCCTGGCTTTGAGGGAGCCGACTGCGGTGTGGAGGTGGACGAGTGTGCCTCACGGCCATGCCTCAACGGAGGCCACTGCCAGGACCTGCCCAATGGCTTCCAGTGTCACTGCCCAGATGGCTACGCAGGGCCGACATGTGAGGAAGATGTGGATGAATGCCTGTCGGATCCCTGCCTGCACGGCGGAACCTGCAGTGACACTGTGGCAGGCTATATCTGCAGGTGCCCAGAGACCTGGGGTGGGCGCGACTGTTCTGTGCAGCTCACTGGCTGCCAGGGCCACACCTGCCCGCTGGCTGCCACCTGCATCCCTATCTTCGAGTCTGGGGTCCACAGTTACGTCTGCCACTGCCCACCTGGTACCCATGGACCGTTCTGTGGCCAGAATACCACCTTCTCTGTGATGGCTGGGAGCCCCATTCAGGCATCAGTGCCAGCTGGTGGCCCCCTGGGTCTGGCACTGAGGTTTCGCACCACACTGCCCGCTGGGACCTTGGCCACTCGCAATGACACCAAGGAAAGCTTGGAGCTGGCATTGGTGGCAGCCACACTTCAGGCCACACTCTGGAGCTACAGCACCACTGTGCTTGTCCTGAGACTGCCGGACCTGGCCCTAAACGATGGCCATTGGCACCAGGTGGAGGTTGTGCTCCATCTAGCGACCCTGGAGCTACGGCTCTGGCATGAGGGCTGCCCTGCCCGGCTCTGTGTGGCCTCTGGTCCTGTGGCCCTGGCTTCCACGGCTTCGGCAACTCCGCTGCCTGCCGGGATCTCCTCTGCCCAGCTGGGGGACGCGACCTTTGCAGGCTGCCTCCAGGACGTGCGTGTGGATGGCCACCTCCTGCTGCCTGAGGATCTCGGTGAGAACGTCCTCCTGGGCTGTGAGCGCCGAGAGCAGTGCCGGCCTCTGCCTTGTGTCCACGGAGGGTCCTGTGTGGATCTGTGGACTCATTTCCGTTGCGACTGTGCCCGGCCCCATAGAGGTCCCACGTGCGCTGATGAGATTCCTGCTGCCACCTTTGGCTTGGGAGGCGCCCCAAGCTCTGCCTCCTTTCTGCTCCAAGAGCTGCCAGGTCCCAACCTCACAGTGTCTTTCCTTCTCCGCACTCGGGAGTCCGCTGGCCTGTTGCTCCAGTTTGCCAATGACTCCGCAGCTGGCCTAACAGTATTCCTGAGTGAGGGTCGGATCCGGGCTGAGGTGCCGGGCAGTCCTGCTGTAGTGCTCCCTGGGCGCTGGGATGATGGGCTCCGTCACCTGGTGATGCTCAGCTTCGGGCCTGACCAGCTGCAGGACCTGGGGCAGCACGTGCACGTGGGTGGGAGGCTCCTTGCTGCCGACAGCCAGCCCTGGGGTGGGCCCTTCCGAGGCTGCCTCCAGGACCTGCGACTCGATGGCTGCCACCTCCCCTTCTTTCCTCTGCCACTGGATAACTCAAGCCAGCCCAGCGAGCTCGGCGGCAGGCAGTCCTGGAACCTCACTGCGGGCTGCGTCTCCGAGGACATGTGCAGTCCTGACCCCTGTTTCAATGGTGGGACTTGCCTCGTCACCTGGAATGACTTCCACTGTACCTGCCCTGCCAATTTCACGGGGCCTACGTGTGCCCAGCAGCTGTGGTGTCCCGGCCAGCCCTGTCTCCCACCTGCCACGTGTGAGGAGGTCCCTGATGGCTTTGTGTGTGTGGCGGAGGCCACGTTCCGCGAGGGTCCCCCCGCCGCGTTCAGCGGGCACAACGCGTCGTCAGGGCGCTTGCTCGGCGGCCTGTCGCTGGCCTTTCGCACGCGCGACTCCGAGGCCTGGCTGCTGCGTGCCGCGGCGGGCGCCCTGGAAGGCGTGTGGCTGGCGGTGCGCAATGGCTCGCTGGCGGGGGGCGTGCGCGGAGGCCATGGCCTGCCCGGCGCTGTGCTGCCCATACCGGGGCCGCGCGTGGCCGATGGTGCCTGGCACCGCGTGCGTCTGGCCATGGAGCGCCCGGCGGCCACCACCTCGCGCTGGCTGCTGTGGCTGGATGGTGCCGCCACCCCGGTGGCGCTGCGCGGCCTGGCCAGTGACCTGGGCTTCCTGCAGGGCCCGGGTGCTGTGCGCATCCTGCTGGCTGAGAACTTCACCGGCTGCTTGGGCCGCGTGGCGCTGGGCGGCCTGCCCCTGCCCTTGGCGCGGCCCCGGCCCGGCGCGGCCCCTGGCGCCCGAGAGCACTTCGCGTCTTGGCCTGGGACGCCGGCCCCGATCCTCGGCTGCCGCGGCGCGCCCGTGTGTGCGCCCTCGCCCTGTCTGCACGACGGTGCCTGCCGTGACCTCTTCGACGCCTTTGCCTGCGCCTGCGGCCCGGGGTGGGAAGGCCCGCGCTGCGAAGCCCACGTCGACCCCTGTCACTCCGCCCCCTGCGCCCGTGGCCGCTGTCACACGCACCCCGACGGCCGCTTCGAGTGCCGCTGCCCGCCTGGCTTCGGGGGCCCGCGCTGCAGGTTGCCTGTCCCATCCAAGGAGTGCAGCCTGAATGTCACCTGCCTCGATGGCAGCCCATGTGAGGGTGGCTCTCCCGCTGCCAACTGCAGCTGCCTGGAGGGTCTTGCTGGCCAGAGGTGTCAGGTCCCCACTCTCCCCTGTGAAGCCAACCCCTGCTTGAATGGGGGCACCTGCCGGGCAGCTGGAGGGGTGTCTGAATGTATCTGCAATGCCAGATTCTCCGGCCAGTTCTGTGAAGTGGCGAAGGGCCTGCCCCTGCCGCTGCCATTCCCACTGCTGGAGGTGGCCGTACCTGCAGCCTGTGCCTGCCTCCTCCTCCTCCTCCTGGGCCTCCTTTCAGGGATCCTGGCAGCCCGAAAGCGCCGCCAGTCTGAGGGCACCTACAGCCCAAGCCAGCAGGAGGTGGCTGGGGCCCGGCTGGAGATGGACAGTGTCCTCAAGGTGCCACCGGAGGAGAGACTCATCTAG"	"ATG GAG CCC CGG GGC TGT GCC ACC CAG CCA TGC CAC CAC GGC GCT CTG TGT GTG CCC CAG GGT CCA GAT CCC ACC GGC TTC CGC TGC TAC TGC GTG CCG GGT TTC CAG GGC CCA CGC TGC GAG CTG GAC ATC GAT GAG TGT GCA TCC CGG CCG TGC CAC CAT GGG GCC ACC TGC CGC AAC CTG GCC GAT CGC TAC GAG TGC CAT TGC CCC CTT GGC TAT GCA GGC GTG ACC TGC GAG ATG GAG GTG GAC GAG TGC GCC TCA GCG CCC TGC CTG CAC GGG GGC TCG TGC CTG GAC GGC GTG GGC TCC TTC CGC TGT GTG TGC GCG CCA GGC TAC GGG GGC ACC CGT TGC CAG CTG GAC CTC GAC GAG TGC CAG AGC CAG CCG TGC GCA CAT GGG GGC ACG TGC CAC GAC CTG GTC AAC GGG TTC CGG TGC GAC TGC GCG GGC ACC GGC TAC GAG GGC ACG CAC TGC GAG CGG GAG GTG CTG GAG TGC GCA TCG GCG CCC TGC GAG CAC AAC GCG TCC TGC CTC GAG GGC CTC GGG AGC TTC CGC TGC CTC TGT TGG CCA GGC TAC AGC GGC GAG CTG TGC GAG GTG GAC GAG GAC GAG TGT GCA TCG AGC CCC TGC CAG CAT GGG GGC CGA TGC CTG CAG CGC TCT GAC CCG GCC CTC TAC GGG GGT GTC CAG GCC GCC TTC CCT GGC GCC TTC AGC TTC CGC CAT GCT GCG GGT TTC CTG TGC CAC TGC CCT CCT GGC TTT GAG GGA GCC GAC TGC GGT GTG GAG GTG GAC GAG TGT GCC TCA CGG CCA TGC CTC AAC GGA GGC CAC TGC CAG GAC CTG CCC AAT GGC TTC CAG TGT CAC TGC CCA GAT GGC TAC GCA GGG CCG ACA TGT GAG GAA GAT GTG GAT GAA TGC CTG TCG GAT CCC TGC CTG CAC GGC GGA ACC TGC AGT GAC ACT GTG GCA GGC TAT ATC TGC AGG TGC CCA GAG ACC TGG GGT GGG CGC GAC TGT TCT GTG CAG CTC ACT GGC TGC CAG GGC CAC ACC TGC CCG CTG GCT GCC ACC TGC ATC CCT ATC TTC GAG TCT GGG GTC CAC AGT TAC GTC TGC CAC TGC CCA CCT GGT ACC CAT GGA CCG TTC TGT GGC CAG AAT ACC ACC TTC TCT GTG ATG GCT GGG AGC CCC ATT CAG GCA TCA GTG CCA GCT GGT GGC CCC CTG GGT CTG GCA CTG AGG TTT CGC ACC ACA CTG CCC GCT GGG ACC TTG GCC ACT CGC AAT GAC ACC AAG GAA AGC TTG GAG CTG GCA TTG GTG GCA GCC ACA CTT CAG GCC ACA CTC TGG AGC TAC AGC ACC ACT GTG CTT GTC CTG AGA CTG CCG GAC CTG GCC CTA AAC GAT GGC CAT TGG CAC CAG GTG GAG GTT GTG CTC CAT CTA GCG ACC CTG GAG CTA CGG CTC TGG CAT GAG GGC TGC CCT GCC CGG CTC TGT GTG GCC TCT GGT CCT GTG GCC CTG GCT TCC ACG GCT TCG GCA ACT CCG CTG CCT GCC GGG ATC TCC TCT GCC CAG CTG GGG GAC GCG ACC TTT GCA GGC TGC CTC CAG GAC GTG CGT GTG GAT GGC CAC CTC CTG CTG CCT GAG GAT CTC GGT GAG AAC GTC CTC CTG GGC TGT GAG CGC CGA GAG CAG TGC CGG CCT CTG CCT TGT GTC CAC GGA GGG TCC TGT GTG GAT CTG TGG ACT CAT TTC CGT TGC GAC TGT GCC CGG CCC CAT AGA GGT CCC ACG TGC GCT GAT GAG ATT CCT GCT GCC ACC TTT GGC TTG GGA GGC GCC CCA AGC TCT GCC TCC TTT CTG CTC CAA GAG CTG CCA GGT CCC AAC CTC ACA GTG TCT TTC CTT CTC CGC ACT CGG GAG TCC GCT GGC CTG TTG CTC CAG TTT GCC AAT GAC TCC GCA GCT GGC CTA ACA GTA TTC CTG AGT GAG GGT CGG ATC CGG GCT GAG GTG CCG GGC AGT CCT GCT GTA GTG CTC CCT GGG CGC TGG GAT GAT GGG CTC CGT CAC CTG GTG ATG CTC AGC TTC GGG CCT GAC CAG CTG CAG GAC CTG GGG CAG CAC GTG CAC GTG GGT GGG AGG CTC CTT GCT GCC GAC AGC CAG CCC TGG GGT GGG CCC TTC CGA GGC TGC CTC CAG GAC CTG CGA CTC GAT GGC TGC CAC CTC CCC TTC TTT CCT CTG CCA CTG GAT AAC TCA AGC CAG CCC AGC GAG CTC GGC GGC AGG CAG TCC TGG AAC CTC ACT GCG GGC TGC GTC TCC GAG GAC ATG TGC AGT CCT GAC CCC TGT TTC AAT GGT GGG ACT TGC CTC GTC ACC TGG AAT GAC TTC CAC TGT ACC TGC CCT GCC AAT TTC ACG GGG CCT ACG TGT GCC CAG CAG CTG TGG TGT CCC GGC CAG CCC TGT CTC CCA CCT GCC ACG TGT GAG GAG GTC CCT GAT GGC TTT GTG TGT GTG GCG GAG GCC ACG TTC CGC GAG GGT CCC CCC GCC GCG TTC AGC GGG CAC AAC GCG TCG TCA GGG CGC TTG CTC GGC GGC CTG TCG CTG GCC TTT CGC ACG CGC GAC TCC GAG GCC TGG CTG CTG CGT GCC GCG GCG GGC GCC CTG GAA GGC GTG TGG CTG GCG GTG CGC AAT GGC TCG CTG GCG GGG GGC GTG CGC GGA GGC CAT GGC CTG CCC GGC GCT GTG CTG CCC ATA CCG GGG CCG CGC GTG GCC GAT GGT GCC TGG CAC CGC GTG CGT CTG GCC ATG GAG CGC CCG GCG GCC ACC ACC TCG CGC TGG CTG CTG TGG CTG GAT GGT GCC GCC ACC CCG GTG GCG CTG CGC GGC CTG GCC AGT GAC CTG GGC TTC CTG CAG GGC CCG GGT GCT GTG CGC ATC CTG CTG GCT GAG AAC TTC ACC GGC TGC TTG GGC CGC GTG GCG CTG GGC GGC CTG CCC CTG CCC TTG GCG CGG CCC CGG CCC GGC GCG GCC CCT GGC GCC CGA GAG CAC TTC GCG TCT TGG CCT GGG ACG CCG GCC CCG ATC CTC GGC TGC CGC GGC GCG CCC GTG TGT GCG CCC TCG CCC TGT CTG CAC GAC GGT GCC TGC CGT GAC CTC TTC GAC GCC TTT GCC TGC GCC TGC GGC CCG GGG TGG GAA GGC CCG CGC TGC GAA GCC CAC GTC GAC CCC TGT CAC TCC GCC CCC TGC GCC CGT GGC CGC TGT CAC ACG CAC CCC GAC GGC CGC TTC GAG TGC CGC TGC CCG CCT GGC TTC GGG GGC CCG CGC TGC AGG TTG CCT GTC CCA TCC AAG GAG TGC AGC CTG AAT GTC ACC TGC CTC GAT GGC AGC CCA TGT GAG GGT GGC TCT CCC GCT GCC AAC TGC AGC TGC CTG GAG GGT CTT GCT GGC CAG AGG TGT CAG GTC CCC ACT CTC CCC TGT GAA GCC AAC CCC TGC TTG AAT GGG GGC ACC TGC CGG GCA GCT GGA GGG GTG TCT GAA TGT ATC TGC AAT GCC AGA TTC TCC GGC CAG TTC TGT GAA GTG GCG AAG GGC CTG CCC CTG CCG CTG CCA TTC CCA CTG CTG GAG GTG GCC GTA CCT GCA GCC TGT GCC TGC CTC CTC CTC CTC CTC CTG GGC CTC CTT TCA GGG ATC CTG GCA GCC CGA AAG CGC CGC CAG TCT GAG GGC ACC TAC AGC CCA AGC CAG CAG GAG GTG GCT GGG GCC CGG CTG GAG ATG GAC AGT GTC CTC AAG GTG CCA CCG GAG GAG AGA CTC ATC"	"1220"	"0.677596"	"0.215686"	"0.887255"	"0.164737"	"false"	"L4_very_long"	"drop_stop"	"balanced"	"mid_regularity"	"q3"	"150"	"0.194916"	"0.217602"	"true"
"human"	"lcl|NC_000009.12_cds_XP_016870869.1_60724"	"ATGGCTTCAGTGGCCTGGGCCGTCCTCAAGGTGCTGCTGCTTCTCCCCACTCAGACTTGGAGCCCCGTGGGAGCAGGAAATCCACCTGACTGTGATGCCCCACTGGCCTCTGCCTTGCCTAGGTCATCCTTCAGCAGCTCCTCAGAGCTGTCCAGCAGCCACGGCCCGGGGTTTTCAAGGCTTAATCGAAGAGATGGAGCTGGTGGCTGGACTCCACTTGTGTCAAATAAATACCAATGGCTGCAAATTGACCTTGGAGAGAGAATGGAGGTCACTGCTGTCGCCACCCAAGGAGGATATGGGAGCTCTGACTGGGTGACCAGCTACCTCCTGATGTTCAGTGATGGTGGGAGAAACTGGAAGCAGTATCGCCGAGAAGAAAGCATCTGGGGTTTTCCAGGAAACACAAACGCAGACAGTGTGGTGCACTACAGACTCCAGCCTCCCTTTGAAGCCAGGTTCCTGCGCTTTCTCCCTTTAGCCTGGAACCCTAGGGGCAGGATTGGGATGCGGATCGAAGTGTACGGATGTGCATATAAATCTGAGGTGGTTTATTTTGATGGACAAAGTGCTCTGCTGTATAGACTTGATAAAAAACCTTTAAAACCAATAAGAGACGTTATTTCTTTGAAATTTAAAGCCATGCAGAGCAATGGAATTCTACTTCACAGAGAAGGACAACATGGAAATCACATTACTCTGGAATTAATTAAAGGAAAGCTTGTCTTTTTTCTTAATTCAGGCAATGCTAAGCTGCCTTCCACTATTGCTCCTGTGACCCTCACCCTGGGCAGCCTGCTGGACGACCAGCACTGGCATTCCGTCCTCATCGAGCTCCTCGACACGCAGGTCAACTTCACCGTGGACAAACACACTCATCATTTCCAAGCAAAGGGAGATTCCAGTTACTTGGATCTTAATTTTGAGATCAGCTTTGGGGGAATTCCGACACCCGGAAGATCGCGGGCATTCAGACGTAAAAGCTTTCATGGGTGTTTAGAAAATCTTTATTATAATGGAGTGGATGTTACCGAATTAGCCAAGAAACACAAACCACAGATCCTCATGATGGGAAATGTGTCCTTCTCATGTCCACAGCCACAGACTGTCCCTGTGACTTTTCTGAGCTCCAGGAGTTATCTGGCTCTGCCAGGCAACTCTGGGGAGGACAAAGTGTCTGTCACTTTTCAATTTCGAACGTGGAACAGAGCAGGACATTTGCTTTTCGGCGAACTTCGACGTGGTTCAGGGAGTTTCGTCCTCTTTCTTAAGGATGGCAAGCTCAAACTGAGTCTCTTCCAGCCGGGACAGTCACCAAGGAATGTCACAGCAGGTGCTGGATTAAACGATGGGCAGTGGCACTCTGTGTCCTTCTCTGCCAAGTGGAGCCATATGAATGTGGTGGTGGACGATGACACAGCTGTTCAGCCCCTGGTGGCTGTGCTCATTGATTCAGGTGACACCTATTATTTTGGAGGTAAGAGAAGGCAACTGAATGACACTGGCAGTGGAACCACTTTTTATCTTTATTGCTTTGCATTTTGA"	"ATG GCT TCA GTG GCC TGG GCC GTC CTC AAG GTG CTG CTG CTT CTC CCC ACT CAG ACT TGG AGC CCC GTG GGA GCA GGA AAT CCA CCT GAC TGT GAT GCC CCA CTG GCC TCT GCC TTG CCT AGG TCA TCC TTC AGC AGC TCC TCA GAG CTG TCC AGC AGC CAC GGC CCG GGG TTT TCA AGG CTT AAT CGA AGA GAT GGA GCT GGT GGC TGG ACT CCA CTT GTG TCA AAT AAA TAC CAA TGG CTG CAA ATT GAC CTT GGA GAG AGA ATG GAG GTC ACT GCT GTC GCC ACC CAA GGA GGA TAT GGG AGC TCT GAC TGG GTG ACC AGC TAC CTC CTG ATG TTC AGT GAT GGT GGG AGA AAC TGG AAG CAG TAT CGC CGA GAA GAA AGC ATC TGG GGT TTT CCA GGA AAC ACA AAC GCA GAC AGT GTG GTG CAC TAC AGA CTC CAG CCT CCC TTT GAA GCC AGG TTC CTG CGC TTT CTC CCT TTA GCC TGG AAC CCT AGG GGC AGG ATT GGG ATG CGG ATC GAA GTG TAC GGA TGT GCA TAT AAA TCT GAG GTG GTT TAT TTT GAT GGA CAA AGT GCT CTG CTG TAT AGA CTT GAT AAA AAA CCT TTA AAA CCA ATA AGA GAC GTT ATT TCT TTG AAA TTT AAA GCC ATG CAG AGC AAT GGA ATT CTA CTT CAC AGA GAA GGA CAA CAT GGA AAT CAC ATT ACT CTG GAA TTA ATT AAA GGA AAG CTT GTC TTT TTT CTT AAT TCA GGC AAT GCT AAG CTG CCT TCC ACT ATT GCT CCT GTG ACC CTC ACC CTG GGC AGC CTG CTG GAC GAC CAG CAC TGG CAT TCC GTC CTC ATC GAG CTC CTC GAC ACG CAG GTC AAC TTC ACC GTG GAC AAA CAC ACT CAT CAT TTC CAA GCA AAG GGA GAT TCC AGT TAC TTG GAT CTT AAT TTT GAG ATC AGC TTT GGG GGA ATT CCG ACA CCC GGA AGA TCG CGG GCA TTC AGA CGT AAA AGC TTT CAT GGG TGT TTA GAA AAT CTT TAT TAT AAT GGA GTG GAT GTT ACC GAA TTA GCC AAG AAA CAC AAA CCA CAG ATC CTC ATG ATG GGA AAT GTG TCC TTC TCA TGT CCA CAG CCA CAG ACT GTC CCT GTG ACT TTT CTG AGC TCC AGG AGT TAT CTG GCT CTG CCA GGC AAC TCT GGG GAG GAC AAA GTG TCT GTC ACT TTT CAA TTT CGA ACG TGG AAC AGA GCA GGA CAT TTG CTT TTC GGC GAA CTT CGA CGT GGT TCA GGG AGT TTC GTC CTC TTT CTT AAG GAT GGC AAG CTC AAA CTG AGT CTC TTC CAG CCG GGA CAG TCA CCA AGG AAT GTC ACA GCA GGT GCT GGA TTA AAC GAT GGG CAG TGG CAC TCT GTG TCC TTC TCT GCC AAG TGG AGC CAT ATG AAT GTG GTG GTG GAC GAT GAC ACA GCT GTT CAG CCC CTG GTG GCT GTG CTC ATT GAT TCA GGT GAC ACC TAT TAT TTT GGA GGT AAG AGA AGG CAA CTG AAT GAC ACT GGC AGT GGA ACC ACT TTT TAT CTT TAT TGC TTT GCA TTT"	"514"	"0.490272"	"0.201923"	"0.913462"	"0.149524"	"false"	"L4_very_long"	"drop_stop"	"balanced"	"mid_regularity"	"q2"	"150"	"0.194916"	"0.217602"	"true"
"human"	"lcl|NC_000009.12_cds_XP_047278793.1_63338"	"ATGACAGATTCGGACGAGGATGCCCTGAAGGTTGACCAGGGCCCCTCACGGGACATCCCAAAGCCATGGGTGATTCCAGCCCCCAAAGGGATCCTGCAGCACATCTTTGGGACCAGCCACGTGTTCCAAAGCATCTGTGATGTAAAACCAAAGGTCACAGGGTTAACAGTGCCCCTCAAAGTCAGGGAATACTACTCCAGAGGCCAGCAGTGCTTGGAGCAGGCAGACTGGGAGACAGCTGTGCTGCTCTTCTCCCGCGCACTCCACCTGGACCCACAGCTGGTGGACTTCTATGCCTTACGGGCTGAGGCCTACCTCCAGCTCTGTGACTTCTCCTCGGCCGCCCAGAACCTGCGAAGGGCCTACTCATTACAGCAGGACAACTGCAAGCACCTGGAGCGCCTCACCTTTGTGCTCTACCTACAGGGACAATGCCTTTTTGAGCAGTGTGCCTTCCTGGATGCCCTGAATGTCTTCTCACATGCTGCTGAGCTCCAGCCTGAGAAACCATGCTTCCGTTACCGATGCATGGCCTGTCTCCTGGCCCTCAAGCAGCATCAGGCCTGCCTCACGCTCATCACCAACGAGCTGAAGCAGGACACCACCAACGCCGATGTCTACATCTTCCGGGCCAGACTCTACAACTTTCTCCAGAAGCCCCACCTCTGCTACCGGGACCTGCACAGCGCCTTGCTGTTGAATCCCAAGCACCCGCAGGCCAGGATGCTGCTCCAGAAGATGGTGGCCCAGGCCCAGCAGGCGCGCCAAGATGCGGGGATCCTGGCTGTGCAGGGCAAGCTGCAGCACGCACTGCAGCGGATCAACCGTGCCATCGAGAACAACCCTCTGGACCCCAGTCTCTTCCTCTTCCGGGGCACCATGTACCGACGGCTCCAGGAGTTCGATGGGGCAGTGGAGGACTTCCTGAAGGTGCTGGACATGGTGACCGAGGACCAGGAGGACATGGTGCGGCAGGCACAGCGCCAGCTGTTGCTGACCTACAACGACTTTGCCGTGCACTGCTACAGGCAGGGCGCCTACCAGGAGGGCGTGCTGCTGCTGAACAAGGCCCTCCGGGACGAGCAGCAGGAGAAAGGACTCTACATCAACCGAGGCGATTGCTTCTTCCAGCTGGGCAACCTGGCCTTTGCCGAGGCGGACTACCAGCAGGCGCTGGCGCTGAGCCCTCAGGACGAGGGCGCCAACACGCGCATGGGCCTGCTGCAGGAGAAGATGGGCTTCTGCGAGCAGAGGCGCAAGCAGTTCCAGAAGGCAGAGAACCACTTCTCCACGGCCATCCGGCACAACCCCCAGAAGGCCCAGTACTACCTGTACCGGGCCAAGAGCCGGCAGCTGCTGCAGAACATTTTTGGGGCCCGCCAGGATGTGGCCACTGTCCTGCTCCTCAACCCCAAGCAACCAAAGCTGTCCCTGCTGATGACCAACCTCTTCCCGGGCATGTCGGTGGAGGAGGTGCTTAGCACCCAGATAGCCCACCTGGCCAGGCTGCAGCTGGAGCAGATGGTGGAGGGCAGCCTGCAGGCCGGCAGCCCACAAGGCATTGTGGGGATGCTTAAACGGCACGAGTTGGAGCGCCAGAAGGCCTTGGCCCTGCAGCACTCATGGAAGCAGGGGGAGCCTTTGATTGCGACCTCCGAGGAGCTGAAGGCCACCCCTGAGATTCCGCAGGTAAAACCGGGAAGCTCAGAGGGAGAGGCTGAGGCCCCTGAGGAGGAGGAAGAAAAGGAGAAGGAGAAAAAAGAGTTGAAAAAAACCAAGGCGCTAGCAGCTCCTTCAACACAACCGTTCTCACGGCACCATGCCTGTCTAGCCTGGTCGCTCCCCTTCCTGCCAGGCTTAGCCTCTGCGTGTCCCCACCCCACTCTAACCTGGCACCTTCAAAGACCTCCAAGCTCAGGAGAATGA"	"ATG ACA GAT TCG GAC GAG GAT GCC CTG AAG GTT GAC CAG GGC CCC TCA CGG GAC ATC CCA AAG CCA TGG GTG ATT CCA GCC CCC AAA GGG ATC CTG CAG CAC ATC TTT GGG ACC AGC CAC GTG TTC CAA AGC ATC TGT GAT GTA AAA CCA AAG GTC ACA GGG TTA ACA GTG CCC CTC AAA GTC AGG GAA TAC TAC TCC AGA GGC CAG CAG TGC TTG GAG CAG GCA GAC TGG GAG ACA GCT GTG CTG CTC TTC TCC CGC GCA CTC CAC CTG GAC CCA CAG CTG GTG GAC TTC TAT GCC TTA CGG GCT GAG GCC TAC CTC CAG CTC TGT GAC TTC TCC TCG GCC GCC CAG AAC CTG CGA AGG GCC TAC TCA TTA CAG CAG GAC AAC TGC AAG CAC CTG GAG CGC CTC ACC TTT GTG CTC TAC CTA CAG GGA CAA TGC CTT TTT GAG CAG TGT GCC TTC CTG GAT GCC CTG AAT GTC TTC TCA CAT GCT GCT GAG CTC CAG CCT GAG AAA CCA TGC TTC CGT TAC CGA TGC ATG GCC TGT CTC CTG GCC CTC AAG CAG CAT CAG GCC TGC CTC ACG CTC ATC ACC AAC GAG CTG AAG CAG GAC ACC ACC AAC GCC GAT GTC TAC ATC TTC CGG GCC AGA CTC TAC AAC TTT CTC CAG AAG CCC CAC CTC TGC TAC CGG GAC CTG CAC AGC GCC TTG CTG TTG AAT CCC AAG CAC CCG CAG GCC AGG ATG CTG CTC CAG AAG ATG GTG GCC CAG GCC CAG CAG GCG CGC CAA GAT GCG GGG ATC CTG GCT GTG CAG GGC AAG CTG CAG CAC GCA CTG CAG CGG ATC AAC CGT GCC ATC GAG AAC AAC CCT CTG GAC CCC AGT CTC TTC CTC TTC CGG GGC ACC ATG TAC CGA CGG CTC CAG GAG TTC GAT GGG GCA GTG GAG GAC TTC CTG AAG GTG CTG GAC ATG GTG ACC GAG GAC CAG GAG GAC ATG GTG CGG CAG GCA CAG CGC CAG CTG TTG CTG ACC TAC AAC GAC TTT GCC GTG CAC TGC TAC AGG CAG GGC GCC TAC CAG GAG GGC GTG CTG CTG CTG AAC AAG GCC CTC CGG GAC GAG CAG CAG GAG AAA GGA CTC TAC ATC AAC CGA GGC GAT TGC TTC TTC CAG CTG GGC AAC CTG GCC TTT GCC GAG GCG GAC TAC CAG CAG GCG CTG GCG CTG AGC CCT CAG GAC GAG GGC GCC AAC ACG CGC ATG GGC CTG CTG CAG GAG AAG ATG GGC TTC TGC GAG CAG AGG CGC AAG CAG TTC CAG AAG GCA GAG AAC CAC TTC TCC ACG GCC ATC CGG CAC AAC CCC CAG AAG GCC CAG TAC TAC CTG TAC CGG GCC AAG AGC CGG CAG CTG CTG CAG AAC ATT TTT GGG GCC CGC CAG GAT GTG GCC ACT GTC CTG CTC CTC AAC CCC AAG CAA CCA AAG CTG TCC CTG CTG ATG ACC AAC CTC TTC CCG GGC ATG TCG GTG GAG GAG GTG CTT AGC ACC CAG ATA GCC CAC CTG GCC AGG CTG CAG CTG GAG CAG ATG GTG GAG GGC AGC CTG CAG GCC GGC AGC CCA CAA GGC ATT GTG GGG ATG CTT AAA CGG CAC GAG TTG GAG CGC CAG AAG GCC TTG GCC CTG CAG CAC TCA TGG AAG CAG GGG GAG CCT TTG ATT GCG ACC TCC GAG GAG CTG AAG GCC ACC CCT GAG ATT CCG CAG GTA AAA CCG GGA AGC TCA GAG GGA GAG GCT GAG GCC CCT GAG GAG GAG GAA GAA AAG GAG AAG GAG AAA AAA GAG TTG AAA AAA ACC AAG GCG CTA GCA GCT CCT TCA ACA CAA CCG TTC TCA CGG CAC CAT GCC TGT CTA GCC TGG TCG CTC CCC TTC CTG CCA GGC TTA GCC TCT GCG TGT CCC CAC CCC ACT CTA ACC TGG CAC CTT CAA AGA CCT CCA AGC TCA GGA GAA"	"641"	"0.601664"	"0.234568"	"0.868827"	"0.238095"	"false"	"L4_very_long"	"drop_stop"	"balanced"	"high_regularity"	"q4"	"150"	"0.194916"	"0.217602"	"true"
"human"	"lcl|NC_000010.11_cds_NP_001310259.1_66775"	"ATGAGCAGAAGCAAGCGTGACAACAATTTTTATAGTGTAGAGATTGGAGATTCTACATTCACAGTCCTGAAACGATATCAGAATTTAAAACCTATAGGCTCAGGAGCTCAAGGAATAGTATGCGCAGCTTATGATGCCATTCTTGAAAGAAATGTTGCAATCAAGAAGCTAAGCCGACCATTTCAGAATCAGACTCATGCCAAGCGGGCCTACAGAGAGCTAGTTCTTATGAAATGTGTTAATCACAAAAATATAATTGGCCTTTTGAATGTTTTCACACCACAGAAATCCCTAGAAGAATTTCAAGATGTTTACATAGTCATGGAGCTCATGGATGCAAATCTTTGCCAAGTGATTCAGATGGAGCTAGATCATGAAAGAATGTCCTACCTTCTCTATCAGATGCTGTGTGGAATCAAGCACCTTCATTCTGCTGGAATTATTCATCGGGACTTAAAGCCCAGTAATATAGTAGTAAAATCTGATTGCACTTTGAAGATTCTTGACTTCGGTCTGGCCAGGACTGCAGGAACGAGTTTTATGATGACGCCTTATGTAGTGACTCGCTACTACAGAGCACCCGAGGTCATCCTTGGCATGGGCTACAAGGAAAACGTTGACATTTGGTCAGTTGGGTGCATCATGGGAGAAATGATCAAAGGTGGTGTTTTGTTCCCAGGTACAGATCATATTGATCAGTGGAATAAAGTTATTGAACAGCTTGGAACACCATGTCCTGAATTCATGAAGAAACTGCAACCAACAGTAAGGACTTACGTTGAAAACAGACCTAAATATGCTGGATATAGCTTTGAGAAACTCTTCCCTGATGTCCTTTTCCCAGCTGACTCAGAACACAACAAACTTAAAGCCAGTCAGGCAAGGGATTTGTTATCCAAAATGCTGGTAATAGATGCATCTAAAAGGATCTCTGTAGATGAAGCTCTCCAACACCCGTACATCAATGTCTGGTATGATCCTTCTGAAGCAGAAGCTCCACCACCAAAGATCCCTGACAAGCAGTTAGATGAAAGGGAACACACAATAGAAGAGTGGAAAGAATTGATATATAAGGAAGTTATGGACTTGGAGGAGAGAACCAAGAATGGAGTTATACGGGGGCAGCCCTCTCCTTTAGGTGCAGCAGTGATCAATGGCTCTCAGCATCCATCATCATCGTCGTCTGTCAATGATGTGTCTTCAATGTCAACAGATCCGACTTTGGCCTCTGATACAGACAGCAGTCTAGAAGCAGCAGCTGGGCCTCTGGGCTGCTGTAGATGA"	"ATG AGC AGA AGC AAG CGT GAC AAC AAT TTT TAT AGT GTA GAG ATT GGA GAT TCT ACA TTC ACA GTC CTG AAA CGA TAT CAG AAT TTA AAA CCT ATA GGC TCA GGA GCT CAA GGA ATA GTA TGC GCA GCT TAT GAT GCC ATT CTT GAA AGA AAT GTT GCA ATC AAG AAG CTA AGC CGA CCA TTT CAG AAT CAG ACT CAT GCC AAG CGG GCC TAC AGA GAG CTA GTT CTT ATG AAA TGT GTT AAT CAC AAA AAT ATA ATT GGC CTT TTG AAT GTT TTC ACA CCA CAG AAA TCC CTA GAA GAA TTT CAA GAT GTT TAC ATA GTC ATG GAG CTC ATG GAT GCA AAT CTT TGC CAA GTG ATT CAG ATG GAG CTA GAT CAT GAA AGA ATG TCC TAC CTT CTC TAT CAG ATG CTG TGT GGA ATC AAG CAC CTT CAT TCT GCT GGA ATT ATT CAT CGG GAC TTA AAG CCC AGT AAT ATA GTA GTA AAA TCT GAT TGC ACT TTG AAG ATT CTT GAC TTC GGT CTG GCC AGG ACT GCA GGA ACG AGT TTT ATG ATG ACG CCT TAT GTA GTG ACT CGC TAC TAC AGA GCA CCC GAG GTC ATC CTT GGC ATG GGC TAC AAG GAA AAC GTT GAC ATT TGG TCA GTT GGG TGC ATC ATG GGA GAA ATG ATC AAA GGT GGT GTT TTG TTC CCA GGT ACA GAT CAT ATT GAT CAG TGG AAT AAA GTT ATT GAA CAG CTT GGA ACA CCA TGT CCT GAA TTC ATG AAG AAA CTG CAA CCA ACA GTA AGG ACT TAC GTT GAA AAC AGA CCT AAA TAT GCT GGA TAT AGC TTT GAG AAA CTC TTC CCT GAT GTC CTT TTC CCA GCT GAC TCA GAA CAC AAC AAA CTT AAA GCC AGT CAG GCA AGG GAT TTG TTA TCC AAA ATG CTG GTA ATA GAT GCA TCT AAA AGG ATC TCT GTA GAT GAA GCT CTC CAA CAC CCG TAC ATC AAT GTC TGG TAT GAT CCT TCT GAA GCA GAA GCT CCA CCA CCA AAG ATC CCT GAC AAG CAG TTA GAT GAA AGG GAA CAC ACA ATA GAA GAG TGG AAA GAA TTG ATA TAT AAG GAA GTT ATG GAC TTG GAG GAG AGA ACC AAG AAT GGA GTT ATA CGG GGG CAG CCC TCT CCT TTA GGT GCA GCA GTG ATC AAT GGC TCT CAG CAT CCA TCA TCA TCG TCG TCT GTC AAT GAT GTG TCT TCA ATG TCA ACA GAT CCG ACT TTG GCC TCT GAT ACA GAC AGC AGT CTA GAA GCA GCA GCT GGG CCT CTG GGC TGC TGT AGA"	"427"	"0.425449"	"0.200617"	"0.921296"	"0.182275"	"false"	"L4_very_long"	"drop_stop"	"balanced"	"mid_regularity"	"q2"	"150"	"0.194916"	"0.217602"	"true"
"human"	"lcl|NC_000010.11_cds_NP_001354472.1_67820"	"ATGGCCACCACCGCCACCTGCACCCGTTTCACCGACGACTACCAGCTCTTCGAGGAGCTTGGCAAGGGTGCTTTCTCTGTGGTCCGCAGGTGTGTGAAGAAAACCTCCACGCAGGAGTACGCAGCAAAAATCATCAATACCAAGAAGTTGTCTGCCCGGGATCACCAGAAACTAGAACGTGAGGCTCGGATATGTCGACTTCTGAAACATCCAAACATCGTGCGCCTCCATGACAGTATTTCTGAAGAAGGGTTTCACTACCTCGTGTTTGACCTTGTTACCGGCGGGGAGCTGTTTGAAGACATTGTGGCCAGAGAGTACTACAGTGAAGCAGATGCCAGCCACTGTATACATCAGATTCTGGAGAGTGTTAACCACATCCACCAGCATGACATCGTCCACAGGGACCTGAAGCCTGAGAACCTGCTGCTGGCGAGTAAATGCAAGGGTGCCGCCGTCAAGCTGGCTGATTTTGGCCTAGCCATCGAAGTACAGGGAGAGCAGCAGGCTTGGTTTGGTTTTGCTGGCACCCCAGGTTACTTGTCCCCTGAGGTCTTGAGGAAAGATCCCTATGGAAAACCTGTGGATATCTGGGCCTGCGGGGTCATCCTGTATATCCTCCTGGTGGGCTATCCTCCCTTCTGGGATGAGGATCAGCACAAGCTGTATCAGCAGATCAAGGCTGGAGCCTATGATTTCCCATCACCAGAATGGGACACGGTAACTCCTGAAGCCAAGAACTTGATCAACCAGATGCTGACCATAAACCCAGCAAAGCGCATCACGGCTGACCAGGCTCTCAAGCACCCGTGGGTCTGTCAACGATCCACGGTGGCATCCATGATGCATCGTCAGGAGACTGTGGAGTGTTTGCGCAAGTTCAATGCCCGGAGAAAACTGAAGGGTGCCATCCTCACGACCATGCTTGTCTCCAGGAACTTCTCAGTTGGCAGGCAGAGCTCCGCCCCCGCCTCGCCTGCCGCGAGCGCCGCCGGCCTGGCCGGGCAAGCTGCCAAAAGCCTATTGAACAAGAAGTCGGATGGCGGTGTCAAGAAAAGGAAGTCGAGTTCCAGCGTGCACCTAATGCCACAGAGCAACAACAAAAACAGTCTCGTAAGCCCAGCCCAAGAGCCCGCGCCCTTGCAGACGGCCATGGAGCCACAAACCACTGTGGTACACAACGCTACAGATGGGATCAAGGGCTCCACAGAGAGCTGCAACACCACCACAGAAGATGAGGACCTCAAAGTGCGAAAACAGGAGATCATTAAGATTACAGAACAGCTGATTGAAGCCATCAACAATGGGGACTTTGAGGCCTACACGAAGATTTGTGATCCAGGCCTCACTTCCTTTGAGCCTGAGGCCCTTGGTAACCTCGTGGAGGGGATGGATTTCCATAAGTTTTACTTTGAGAATCTCCTGTCCAAGAACAGCAAGCCTATCCATACCACCATCCTAAACCCACACGTCCACGTGATTGGGGAGGACGCAGCGTGCATCGCCTACATCCGCCTCACCCAGTACATCGACGGGCAGGGTCGGCCTCGCACCAGCCAGTCAGAAGAGACCCGGGTCTGGCACCGTCGGGATGGCAAGTGGCTCAATGTCCACTATCACTGCTCAGGGGCCCCTGCCGCACCGCTGCAGTGA"	"ATG GCC ACC ACC GCC ACC TGC ACC CGT TTC ACC GAC GAC TAC CAG CTC TTC GAG GAG CTT GGC AAG GGT GCT TTC TCT GTG GTC CGC AGG TGT GTG AAG AAA ACC TCC ACG CAG GAG TAC GCA GCA AAA ATC ATC AAT ACC AAG AAG TTG TCT GCC CGG GAT CAC CAG AAA CTA GAA CGT GAG GCT CGG ATA TGT CGA CTT CTG AAA CAT CCA AAC ATC GTG CGC CTC CAT GAC AGT ATT TCT GAA GAA GGG TTT CAC TAC CTC GTG TTT GAC CTT GTT ACC GGC GGG GAG CTG TTT GAA GAC ATT GTG GCC AGA GAG TAC TAC AGT GAA GCA GAT GCC AGC CAC TGT ATA CAT CAG ATT CTG GAG AGT GTT AAC CAC ATC CAC CAG CAT GAC ATC GTC CAC AGG GAC CTG AAG CCT GAG AAC CTG CTG CTG GCG AGT AAA TGC AAG GGT GCC GCC GTC AAG CTG GCT GAT TTT GGC CTA GCC ATC GAA GTA CAG GGA GAG CAG CAG GCT TGG TTT GGT TTT GCT GGC ACC CCA GGT TAC TTG TCC CCT GAG GTC TTG AGG AAA GAT CCC TAT GGA AAA CCT GTG GAT ATC TGG GCC TGC GGG GTC ATC CTG TAT ATC CTC CTG GTG GGC TAT CCT CCC TTC TGG GAT GAG GAT CAG CAC AAG CTG TAT CAG CAG ATC AAG GCT GGA GCC TAT GAT TTC CCA TCA CCA GAA TGG GAC ACG GTA ACT CCT GAA GCC AAG AAC TTG ATC AAC CAG ATG CTG ACC ATA AAC CCA GCA AAG CGC ATC ACG GCT GAC CAG GCT CTC AAG CAC CCG TGG GTC TGT CAA CGA TCC ACG GTG GCA TCC ATG ATG CAT CGT CAG GAG ACT GTG GAG TGT TTG CGC AAG TTC AAT GCC CGG AGA AAA CTG AAG GGT GCC ATC CTC ACG ACC ATG CTT GTC TCC AGG AAC TTC TCA GTT GGC AGG CAG AGC TCC GCC CCC GCC TCG CCT GCC GCG AGC GCC GCC GGC CTG GCC GGG CAA GCT GCC AAA AGC CTA TTG AAC AAG AAG TCG GAT GGC GGT GTC AAG AAA AGG AAG TCG AGT TCC AGC GTG CAC CTA ATG CCA CAG AGC AAC AAC AAA AAC AGT CTC GTA AGC CCA GCC CAA GAG CCC GCG CCC TTG CAG ACG GCC ATG GAG CCA CAA ACC ACT GTG GTA CAC AAC GCT ACA GAT GGG ATC AAG GGC TCC ACA GAG AGC TGC AAC ACC ACC ACA GAA GAT GAG GAC CTC AAA GTG CGA AAA CAG GAG ATC ATT AAG ATT ACA GAA CAG CTG ATT GAA GCC ATC AAC AAT GGG GAC TTT GAG GCC TAC ACG AAG ATT TGT GAT CCA GGC CTC ACT TCC TTT GAG CCT GAG GCC CTT GGT AAC CTC GTG GAG GGG ATG GAT TTC CAT AAG TTT TAC TTT GAG AAT CTC CTG TCC AAG AAC AGC AAG CCT ATC CAT ACC ACC ATC CTA AAC CCA CAC GTC CAC GTG ATT GGG GAG GAC GCA GCG TGC ATC GCC TAC ATC CGC CTC ACC CAG TAC ATC GAC GGG CAG GGT CGG CCT CGC ACC AGC CAG TCA GAA GAG ACC CGG GTC TGG CAC CGT CGG GAT GGC AAG TGG CTC AAT GTC CAC TAT CAC TGC TCA GGG GCC CCT GCC GCA CCG CTG CAG"	"550"	"0.547273"	"0.196256"	"0.918478"	"0.180262"	"false"	"L4_very_long"	"drop_stop"	"balanced"	"mid_regularity"	"q2"	"150"	"0.194916"	"0.217602"	"true"
"human"	"lcl|NC_000010.11_cds_NP_722517.3_70190"	"ATGGAGGAAAGCATGGAAGAGGAGGAGGGGGGCAGCTACGAGGCGATGATGGACGACCAGAACCACAACAACTGGGAGGCTGCGGTGGACGGCTTCCGGCAGCCCCTGCCACCTCCGCCGCCCCCCTCGTCGATCCCGGCCCCTGCCCGAGAGCCTCCGGGGGGGCAGCTGCTGGCGGTGCCCGCGGTCTCCGTGGACAGGAAAGGCCCCAAGGAGGGGCTCCCGATGGGGCCGCAGCCACCGCCGGAGGCTAATGGGGTGATCATGATGTTGAAGAGCTGCGACGCGGCCGCCGCCGTGGCCAAGGCGGCCCCCGCCCCCACCGCCAGCTCCACCATCAACATCAACACCTCCACCTCCAAGTTCTTAATGAATGTTATAACTATTGAAGATTATAAGAGCACATACTGGCCAAAATTGGATGGTGCCATAGATCAACTTTTAACTCAGAGTCCTGGTGACTATATCCCCATATCCTATGAACAGATATACAGTTGTGTGTATAAATGTGTATGCCAGCAGCACTCGGAACAGATGTATAGTGATCTGATTAAAAAGATAACTAATCACTTAGAGAGAGTCTCAAAGGAGCTGCAGGCCAGCCCTCCAGATCTCTATATTGAAAGATTTAATATAGCTCTTGGACAATATATGGGAGCATTGCAGAGCATTGTGCCTCTTTTCATATATATGAATAAGTTTTACATCGAAACCAAGCTTAACAGAGACTTAAAAGATGACCTTATAAAGCTGTTTACGGAACATGTTGCAGAAAAGCACATTTACAGCCTAATGCCTTTACTTTTAGAAGCCCAGTCAACACCATTTCAGGTCACACCTTCAACTATGGCAAATATTGTGAAAGGCCTGTATACCCTCAGACCAGAGTGGGTTCAGATGGCTCCAACTCTATTTTCTAAATTTATTCCAAACATTCTCCCTCCGGCGGTGGAATCTGAACTTTCTGAATATGCTGCTCAAGATCAGAAATTTCAAAGAGAACTTATACAGAATGGTTTTACAAGGGGTGACCAGTCCCGGAAGAGAGCTGGGGATGAGTTGGCTTATAATAGCTCGTCAGCATGTGCAAGTTCCAGGGGGTACAGATAG"	"ATG GAG GAA AGC ATG GAA GAG GAG GAG GGG GGC AGC TAC GAG GCG ATG ATG GAC GAC CAG AAC CAC AAC AAC TGG GAG GCT GCG GTG GAC GGC TTC CGG CAG CCC CTG CCA CCT CCG CCG CCC CCC TCG TCG ATC CCG GCC CCT GCC CGA GAG CCT CCG GGG GGG CAG CTG CTG GCG GTG CCC GCG GTC TCC GTG GAC AGG AAA GGC CCC AAG GAG GGG CTC CCG ATG GGG CCG CAG CCA CCG CCG GAG GCT AAT GGG GTG ATC ATG ATG TTG AAG AGC TGC GAC GCG GCC GCC GCC GTG GCC AAG GCG GCC CCC GCC CCC ACC GCC AGC TCC ACC ATC AAC ATC AAC ACC TCC ACC TCC AAG TTC TTA ATG AAT GTT ATA ACT ATT GAA GAT TAT AAG AGC ACA TAC TGG CCA AAA TTG GAT GGT GCC ATA GAT CAA CTT TTA ACT CAG AGT CCT GGT GAC TAT ATC CCC ATA TCC TAT GAA CAG ATA TAC AGT TGT GTG TAT AAA TGT GTA TGC CAG CAG CAC TCG GAA CAG ATG TAT AGT GAT CTG ATT AAA AAG ATA ACT AAT CAC TTA GAG AGA GTC TCA AAG GAG CTG CAG GCC AGC CCT CCA GAT CTC TAT ATT GAA AGA TTT AAT ATA GCT CTT GGA CAA TAT ATG GGA GCA TTG CAG AGC ATT GTG CCT CTT TTC ATA TAT ATG AAT AAG TTT TAC ATC GAA ACC AAG CTT AAC AGA GAC TTA AAA GAT GAC CTT ATA AAG CTG TTT ACG GAA CAT GTT GCA GAA AAG CAC ATT TAC AGC CTA ATG CCT TTA CTT TTA GAA GCC CAG TCA ACA CCA TTT CAG GTC ACA CCT TCA ACT ATG GCA AAT ATT GTG AAA GGC CTG TAT ACC CTC AGA CCA GAG TGG GTT CAG ATG GCT CCA ACT CTA TTT TCT AAA TTT ATT CCA AAC ATT CTC CCT CCG GCG GTG GAA TCT GAA CTT TCT GAA TAT GCT GCT CAA GAT CAG AAA TTT CAA AGA GAA CTT ATA CAG AAT GGT TTT ACA AGG GGT GAC CAG TCC CGG AAG AGA GCT GGG GAT GAG TTG GCT TAT AAT AGC TCG TCA GCA TGT GCA AGT TCC AGG GGG TAC AGA"	"369"	"0.495935"	"0.220745"	"0.890957"	"0.232016"	"false"	"L4_very_long"	"drop_stop"	"balanced"	"high_regularity"	"q4"	"150"	"0.194916"	"0.217602"	"true"
"human"	"lcl|NC_000010.11_cds_XP_006717545.1_65103"	"ATGGCCCGGGAGAACGGCGAGAGCAGCTCCTCCTGGAAAAAGCAAGCTGAAGACATCAAGAAGATCTTCGAGTTCAAAGAGACCCTCGGAACCGGGGCCTTTTCCGAAGTGGTTTTAGCTGAAGAGAAGGCAACTGGCAAGCTCTTTGCTGTGAAGTGTATCCCTAAGAAGGCGCTGAAGGGCAAGGAAAGCAGCATAGAGAATGAGATAGCCGTCCTGAGAAAGATTAAGCATGAAAATATTGTTGCCCTGGAAGACATTTATGAAAGCCCAAATCACCTGTACTTGGTCATGCAGCTGGTGTCCGGTGGAGAGCTGTTTGACCGGATAGTGGAGAAGGGGTTTTATACAGAGAAGGATGCCAGCACTCTGATCCGCCAAGTCTTGGACGCCGTGTACTATCTCCACAGAATGGGCATCGTCCACAGAGACCTCAAGCCCGAAAATCTCTTGTACTACAGTCAAGATGAGGAGTCCAAAATAATGATCAGTGACTTTGGATTGTCAAAAATGGAGGGCAAAGGAGATGTGATGTCCACTGCCTGTGGAACTCCAGGCTATGTCGCTCCTGAAGTCCTCGCCCAGAAACCTTACAGCAAAGCCGTTGACTGCTGGTCCATCGGAGTGATTGCCTACATCTTGCTCTGCGGCTACCCTCCTTTTTATGATGAAAATGACTCCAAGCTCTTTGAGCAGATCCTCAAGGCGGAATATGAGTTTGACTCTCCCTACTGGGATGACATCTCCGACTCTGCAAAAGACTTCATTCGGAACCTGATGGAGAAGGACCCGAATAAAAGATACACGTGTGAGCAGGCAGCTCGGCACCCATGGATCGCTGGTGACACAGCCCTCAACAAAAACATCCACGAGTCCGTCAGCGCCCAGATCCGGAAAAACTTTGCCAAGAGCAAATGGAGACAAGCATTTAATGCCACGGCCGTCGTCAGACATATGAGAAAACTACACCTCGGCAGCAGCCTGGACAGTTCAAATGTCTGGCACCTTCCACGCTCTGTAGTTTCATTTCTTCTTCGTCGGGGGTCTCAGGAGTTGGAGCCGAGCGGAGACCCAGGCCCACCACTGTGA"	"ATG GCC CGG GAG AAC GGC GAG AGC AGC TCC TCC TGG AAA AAG CAA GCT GAA GAC ATC AAG AAG ATC TTC GAG TTC AAA GAG ACC CTC GGA ACC GGG GCC TTT TCC GAA GTG GTT TTA GCT GAA GAG AAG GCA ACT GGC AAG CTC TTT GCT GTG AAG TGT ATC CCT AAG AAG GCG CTG AAG GGC AAG GAA AGC AGC ATA GAG AAT GAG ATA GCC GTC CTG AGA AAG ATT AAG CAT GAA AAT ATT GTT GCC CTG GAA GAC ATT TAT GAA AGC CCA AAT CAC CTG TAC TTG GTC ATG CAG CTG GTG TCC GGT GGA GAG CTG TTT GAC CGG ATA GTG GAG AAG GGG TTT TAT ACA GAG AAG GAT GCC AGC ACT CTG ATC CGC CAA GTC TTG GAC GCC GTG TAC TAT CTC CAC AGA ATG GGC ATC GTC CAC AGA GAC CTC AAG CCC GAA AAT CTC TTG TAC TAC AGT CAA GAT GAG GAG TCC AAA ATA ATG ATC AGT GAC TTT GGA TTG TCA AAA ATG GAG GGC AAA GGA GAT GTG ATG TCC ACT GCC TGT GGA ACT CCA GGC TAT GTC GCT CCT GAA GTC CTC GCC CAG AAA CCT TAC AGC AAA GCC GTT GAC TGC TGG TCC ATC GGA GTG ATT GCC TAC ATC TTG CTC TGC GGC TAC CCT CCT TTT TAT GAT GAA AAT GAC TCC AAG CTC TTT GAG CAG ATC CTC AAG GCG GAA TAT GAG TTT GAC TCT CCC TAC TGG GAT GAC ATC TCC GAC TCT GCA AAA GAC TTC ATT CGG AAC CTG ATG GAG AAG GAC CCG AAT AAA AGA TAC ACG TGT GAG CAG GCA GCT CGG CAC CCA TGG ATC GCT GGT GAC ACA GCC CTC AAC AAA AAC ATC CAC GAG TCC GTC AGC GCC CAG ATC CGG AAA AAC TTT GCC AAG AGC AAA TGG AGA CAA GCA TTT AAT GCC ACG GCC GTC GTC AGA CAT ATG AGA AAA CTA CAC CTC GGC AGC AGC CTG GAC AGT TCA AAT GTC TGG CAC CTT CCA CGC TCT GTA GTT TCA TTT CTT CTT CGT CGG GGG TCT CAG GAG TTG GAG CCG AGC GGA GAC CCA GGC CCA CCA CTG"	"362"	"0.505525"	"0.209239"	"0.915761"	"0.139234"	"false"	"L4_very_long"	"drop_stop"	"balanced"	"mid_regularity"	"q3"	"150"	"0.194916"	"0.217602"	"true"
"human"	"lcl|NC_000010.11_cds_XP_011537952.1_69374"	"ATGGATCCCAGGGGTATCTTGAAGGCATTTCCCAAGCGGCAGAAAATTCATGCTGATGCATCATCAAAAGTACTTGCAAAGATTCCTAGGAGGGAAGAGGGAGAAGAAGCAGAAGAGTGGCTGAGCTCCCTTCGGGCCCATGTTGTGCGCACTGGCATTGGACGAGCCCGGGCAGAACTCTTTGAGAAGCAGATTGTTCAGCATGGCGGCCAGCTATGCCCTGCCCAGGGCCCAGGTGTCACTCACATTGTGGTGGATGAAGGCATGGACTATGAGCGAGCCCTCCGCCTTCTCAGACTACCCCAGCTGCCCCCGGGTGCTCAGCTGGTGAAGTCAGCCTGGCTGAGCTTGTGCCTTCAGGAGAGGAGGCTGGTGGATGTAGCTGGATTCAGCATCTTCATCCCCAGTAGGTACTTGGACCATCCACAGCCCAGCAAGGCAGAGCAGGATGCTTCTATTCCTCCTGGCACCCATGAGGCCCTGCTTCAGACAGCCCTTTCTCCTCCTCCTCCTCCCACCAGGCCTGTGTCTCCTCCCCAAAAGGCAAAAGAGGCACCAAACACCCAAGCCCAGCCCATCTCTGATGATGAAGCCAGTGATGGGGAAGAAACCCAGGTTAGTGCAGCTGATCTGGAAGCCCTCATCAGTGGCCACTACCCCACCTCCCTTGAGGGAGATTGTGAGCCTAGCCCAGCCCCTGCTGTCCTGGATAAGTGGGTCTGTGCACAGCCCTCAAGCCAGAAGGCGACCAATCACAACCTCCATATCACAGAGAAGCTGGAAGTTCTGGCCAAAGCCTACAGTGTTCAGGGAGACAAGTGGAGGGCCCTGGGCTATGCCAAGGCCATCAATGCCCTCAAGAGCTTCCATAAGCCTGTCACCTCGTACCAGGAGGCCTGCAGTATCCCTGGGATTGGGAAGCGGATGGCTGAGAAAATCATAGAGATCCTGGAGAGCGGGCATTTGCGGAAGCTGGACCATATCAGTGAGAGCGTGCCTGTCTTGGAGCTCTTCTCCAACATCTGGGGAGCTGGGACCAAGACTGCCCAGATGTGGTACCAACAGGGCTTCCGAAGTCTGGAAGACATCCGCAGCCAGGCCTCCCTGACAACCCAGCAGGCCATCGGCCTGAAGCATTACAGTGACTTCCTGGAACGTATGCCCAGGGAGGAGGCTACAGAGATTGAGCAGACAGTCCAGAAAGCAGCCCAGGCCTTTAACTCTGGGCTGCTGTGTGTGGCATGTGGTTCATACCGACGGGGAAAGGCGACCTGTGGTGATGTCGACGTGCTCATCACTCACCCAGATGGCCGGTCCCACCGGGGTATCTTCAGCCGCCTCCTTGACAGTCTTCGGCAGGAAGCAGTCCCCTCTGTTGGGCCAGGGTTCCTCACAGATGACTTGGTGAGCCAAGAGGAGAATGGTCAGCAACAGAAGTACTTGGGGGTGTGCCGGCTCCCAGGGCCAGGGCGGCGGCACCGGCGCCTGGACATCATCGTGGTGCCCTATAGCGAGTTTGCCTGTGCCCTGCTCTACTTCACCGGCTCTGCACACTTCAACCGCTCCATGCGAGCCCTGGCCAAAACCAAGGGCATGAGTCTGTCAGAACATGCCCTCAGCACTGCTGTGGTCCGGAACACCCATGGCTGCAAGGTGGGGCCTGGCCGAGTGCTGCCCACTCCCACTGAGAAGGATGTCTTCAGGCTCTTAGGCCTCCCCTACCGAGAACCTGCTGAGCGGGACTGGTGA"	"ATG GAT CCC AGG GGT ATC TTG AAG GCA TTT CCC AAG CGG CAG AAA ATT CAT GCT GAT GCA TCA TCA AAA GTA CTT GCA AAG ATT CCT AGG AGG GAA GAG GGA GAA GAA GCA GAA GAG TGG CTG AGC TCC CTT CGG GCC CAT GTT GTG CGC ACT GGC ATT GGA CGA GCC CGG GCA GAA CTC TTT GAG AAG CAG ATT GTT CAG CAT GGC GGC CAG CTA TGC CCT GCC CAG GGC CCA GGT GTC ACT CAC ATT GTG GTG GAT GAA GGC ATG GAC TAT GAG CGA GCC CTC CGC CTT CTC AGA CTA CCC CAG CTG CCC CCG GGT GCT CAG CTG GTG AAG TCA GCC TGG CTG AGC TTG TGC CTT CAG GAG AGG AGG CTG GTG GAT GTA GCT GGA TTC AGC ATC TTC ATC CCC AGT AGG TAC TTG GAC CAT CCA CAG CCC AGC AAG GCA GAG CAG GAT GCT TCT ATT CCT CCT GGC ACC CAT GAG GCC CTG CTT CAG ACA GCC CTT TCT CCT CCT CCT CCT CCC ACC AGG CCT GTG TCT CCT CCC CAA AAG GCA AAA GAG GCA CCA AAC ACC CAA GCC CAG CCC ATC TCT GAT GAT GAA GCC AGT GAT GGG GAA GAA ACC CAG GTT AGT GCA GCT GAT CTG GAA GCC CTC ATC AGT GGC CAC TAC CCC ACC TCC CTT GAG GGA GAT TGT GAG CCT AGC CCA GCC CCT GCT GTC CTG GAT AAG TGG GTC TGT GCA CAG CCC TCA AGC CAG AAG GCG ACC AAT CAC AAC CTC CAT ATC ACA GAG AAG CTG GAA GTT CTG GCC AAA GCC TAC AGT GTT CAG GGA GAC AAG TGG AGG GCC CTG GGC TAT GCC AAG GCC ATC AAT GCC CTC AAG AGC TTC CAT AAG CCT GTC ACC TCG TAC CAG GAG GCC TGC AGT ATC CCT GGG ATT GGG AAG CGG ATG GCT GAG AAA ATC ATA GAG ATC CTG GAG AGC GGG CAT TTG CGG AAG CTG GAC CAT ATC AGT GAG AGC GTG CCT GTC TTG GAG CTC TTC TCC AAC ATC TGG GGA GCT GGG ACC AAG ACT GCC CAG ATG TGG TAC CAA CAG GGC TTC CGA AGT CTG GAA GAC ATC CGC AGC CAG GCC TCC CTG ACA ACC CAG CAG GCC ATC GGC CTG AAG CAT TAC AGT GAC TTC CTG GAA CGT ATG CCC AGG GAG GAG GCT ACA GAG ATT GAG CAG ACA GTC CAG AAA GCA GCC CAG GCC TTT AAC TCT GGG CTG CTG TGT GTG GCA TGT GGT TCA TAC CGA CGG GGA AAG GCG ACC TGT GGT GAT GTC GAC GTG CTC ATC ACT CAC CCA GAT GGC CGG TCC CAC CGG GGT ATC TTC AGC CGC CTC CTT GAC AGT CTT CGG CAG GAA GCA GTC CCC TCT GTT GGG CCA GGG TTC CTC ACA GAT GAC TTG GTG AGC CAA GAG GAG AAT GGT CAG CAA CAG AAG TAC TTG GGG GTG TGC CGG CTC CCA GGG CCA GGG CGG CGG CAC CGG CGC CTG GAC ATC ATC GTG GTG CCC TAT AGC GAG TTT GCC TGT GCC CTG CTC TAC TTC ACC GGC TCT GCA CAC TTC AAC CGC TCC ATG CGA GCC CTG GCC AAA ACC AAG GGC ATG AGT CTG TCA GAA CAT GCC CTC AGC ACT GCT GTG GTC CGG AAC ACC CAT GGC TGC AAG GTG GGG CCT GGC CGA GTG CTG CCC ACT CCC ACT GAG AAG GAT GTC TTC AGG CTC TTA GGC CTC CCC TAC CGA GAA CCT GCT GAG CGG GAC TGG"	"582"	"0.580756"	"0.197489"	"0.912671"	"0.164742"	"false"	"L4_very_long"	"drop_stop"	"balanced"	"mid_regularity"	"q2"	"150"	"0.194916"	"0.217602"	"true"
"human"	"lcl|NC_000010.11_cds_XP_047281068.1_70842"	"ATGCTAAGTGCCGTCTGGGGAGCCGGAGGGCCCGGGGCGGGCGGGGCTGCTCGAGGACAGCCGAGCAGAAAAGAATTGCTGCTGAGGCACCACCTTTGGAGCGGTCCTCGCTGCCTGTCCTTCCCGCTGGGCTCACTCCCCGCGTCTCTCCTGGGGCTTCCTGGAGCCACTTCCCACAGGAGCTGCTTGTCCCCAAATCTTGCCTCAGGACTTGCTGCCAGGGGAACGCAGACTCAGAGCGTCCTCTTTGGAGAAGTAAGGCTGCCTCTGGACGGAGGAGTGAGGGGGGCGAGGAAACGCATGAACTTCGACCACTTCCAGATCCTTCGGGCCATTGGGAAGGGCAGCTTTGGCAAGCCCTGTGCCCTCCAGGTGTGCATTGTGCAGAAGCGGGACACGGAGAAGATGTACGCCATGAAGTACATGAACAAGCAGCAGTGCATCGAGCGCGACGAGGTCCGCAACGTCTTCCGGGAGCTGGAGATCCTGCAGGAGATCGAGCACGTCTTCCTGGTGAACCTCTGGTACTCCTTCCAGGACGAGGAGGACATGTTCATGGTCGTGGACCTGCTACTGGGCGGGGACCTGCGCTACCACCTGCAGCAGAACGTGCAGTTCTCCGAGGACACGGTGAGGCTGTACATCTGCGAGATGGCACTGGCTCTGGACTACCTGCGCGGCCAGCACATCATCCACAGAGATGTCAAGCCTGACAACATTCTCCTGGATGAGAGAGGACATGCACACCTGACCGACTTCAACATTGCCACCATCATCAAGGACGGGGAGCGGGCGACGGCATTAGCAGGCACCAAGCCGTACATGGCTCCGGAGATCTTCCACTCTTTTGTCAACGGCGGGACCGGCTACTCCTTCGAGGTGGACTGGTGGTCGGTGGGGGTGATGGCCTATGAGCTGCTGCGAGGATGGAGGCCCTATGACATCCACTCCAGCAACGCCGTGGAGTCCCTGGTGCAGCTGTTCAGCACCGTGAGCGTCCAGTATGTCCCCACGTGGTCCAAGGAGATGGTGGCCTTGCTGCGGAAGCTCCTCACTGTGAACCCCGAGCACCGGCTCTCCAGCCTCCAGGACGTGCAGGCAGCCCCGGCGCTGGCCGGCGTGCTGTGGGACCACCTGAGCGAGAAGAGGGTGGAGCCGGGCTTCGTGCCCAACAAAGGCCGTCTGCACTGCGACCCCACCTTTGAGCTGGAGGAGATGATCCTGGAGTCCAGGCCCCTGCACAAGAAGAAGAAGCGTCTGGCCAAGAACAAGTCCCGGGACAACAGCAGGGACAGCTCCCAGTCCGCCCCACGGAGCAAGTCCAAGCCATCCACCCAGAGGCAAGGGAGCTGGGCCTTGGCATCCTCGGGCTTGGGAGAATGA"	"ATG CTA AGT GCC GTC TGG GGA GCC GGA GGG CCC GGG GCG GGC GGG GCT GCT CGA GGA CAG CCG AGC AGA AAA GAA TTG CTG CTG AGG CAC CAC CTT TGG AGC GGT CCT CGC TGC CTG TCC TTC CCG CTG GGC TCA CTC CCC GCG TCT CTC CTG GGG CTT CCT GGA GCC ACT TCC CAC AGG AGC TGC TTG TCC CCA AAT CTT GCC TCA GGA CTT GCT GCC AGG GGA ACG CAG ACT CAG AGC GTC CTC TTT GGA GAA GTA AGG CTG CCT CTG GAC GGA GGA GTG AGG GGG GCG AGG AAA CGC ATG AAC TTC GAC CAC TTC CAG ATC CTT CGG GCC ATT GGG AAG GGC AGC TTT GGC AAG CCC TGT GCC CTC CAG GTG TGC ATT GTG CAG AAG CGG GAC ACG GAG AAG ATG TAC GCC ATG AAG TAC ATG AAC AAG CAG CAG TGC ATC GAG CGC GAC GAG GTC CGC AAC GTC TTC CGG GAG CTG GAG ATC CTG CAG GAG ATC GAG CAC GTC TTC CTG GTG AAC CTC TGG TAC TCC TTC CAG GAC GAG GAG GAC ATG TTC ATG GTC GTG GAC CTG CTA CTG GGC GGG GAC CTG CGC TAC CAC CTG CAG CAG AAC GTG CAG TTC TCC GAG GAC ACG GTG AGG CTG TAC ATC TGC GAG ATG GCA CTG GCT CTG GAC TAC CTG CGC GGC CAG CAC ATC ATC CAC AGA GAT GTC AAG CCT GAC AAC ATT CTC CTG GAT GAG AGA GGA CAT GCA CAC CTG ACC GAC TTC AAC ATT GCC ACC ATC ATC AAG GAC GGG GAG CGG GCG ACG GCA TTA GCA GGC ACC AAG CCG TAC ATG GCT CCG GAG ATC TTC CAC TCT TTT GTC AAC GGC GGG ACC GGC TAC TCC TTC GAG GTG GAC TGG TGG TCG GTG GGG GTG ATG GCC TAT GAG CTG CTG CGA GGA TGG AGG CCC TAT GAC ATC CAC TCC AGC AAC GCC GTG GAG TCC CTG GTG CAG CTG TTC AGC ACC GTG AGC GTC CAG TAT GTC CCC ACG TGG TCC AAG GAG ATG GTG GCC TTG CTG CGG AAG CTC CTC ACT GTG AAC CCC GAG CAC CGG CTC TCC AGC CTC CAG GAC GTG CAG GCA GCC CCG GCG CTG GCC GGC GTG CTG TGG GAC CAC CTG AGC GAG AAG AGG GTG GAG CCG GGC TTC GTG CCC AAC AAA GGC CGT CTG CAC TGC GAC CCC ACC TTT GAG CTG GAG GAG ATG ATC CTG GAG TCC AGG CCC CTG CAC AAG AAG AAG AAG CGT CTG GCC AAG AAC AAG TCC CGG GAC AAC AGC AGG GAC AGC TCC CAG TCC GCC CCA CGG AGC AAG TCC AAG CCA TCC ACC CAG AGG CAA GGG AGC TGG GCC TTG GCA TCC TCG GGC TTG GGA GAA"	"460"	"0.618116"	"0.217672"	"0.883621"	"0.216954"	"false"	"L4_very_long"	"drop_stop"	"balanced"	"high_regularity"	"q4"	"150"	"0.194916"	"0.217602"	"true"
"human"	"lcl|NC_000011.10_cds_NP_001001391.1_73098"	"ATGGACAAGTTTTGGTGGCACGCAGCCTGGGGACTCTGCCTCGTGCCGCTGAGCCTGGCGCAGATCGATTTGAATATAACCTGCCGCTTTGCAGGTGTATTCCACGTGGAGAAAAATGGTCGCTACAGCATCTCTCGGACGGAGGCCGCTGACCTCTGCAAGGCTTTCAATAGCACCTTGCCCACAATGGCCCAGATGGAGAAAGCTCTGAGCATCGGATTTGAGACCTGCAGGTATGGGTTCATAGAAGGGCACGTGGTGATTCCCCGGATCCACCCCAACTCCATCTGTGCAGCAAACAACACAGGGGTGTACATCCTCACATCCAACACCTCCCAGTATGACACATATTGCTTCAATGCTTCAGCTCCACCTGAAGAAGATTGTACATCAGTCACAGACCTGCCCAATGCCTTTGATGGACCAATTACCATAACTATTGTTAACCGTGATGGCACCCGCTATGTCCAGAAAGGAGAATACAGAACGAATCCTGAAGACATCTACCCCAGCAACCCTACTGATGATGACGTGAGCAGCGGCTCCTCCAGTGAAAGGAGCAGCACTTCAGGAGGTTACATCTTTTACACCTTTTCTACTGTACACCCCATCCCAGACGAAGACAGTCCCTGGATCACCGACAGCACAGACAGAATCCCTGCTACCAGAGACCAAGACACATTCCACCCCAGTGGGGGGTCCCATACCACTCATGGATCTGAATCAGATGGACACTCACATGGGAGTCAAGAAGGTGGAGCAAACACAACCTCTGGTCCTATAAGGACACCCCAAATTCCAGAATGGCTGATCATCTTGGCATCCCTCTTGGCCTTGGCTTTGATTCTTGCAGTTTGCATTGCAGTCAACAGTCGAAGAAGGTGTGGGCAGAAGAAAAAGCTAGTGATCAACAGTGGCAATGGAGCTGTGGAGGACAGAAAGCCAAGTGGACTCAACGGAGAGGCCAGCAAGTCTCAGGAAATGGTGCATTTGGTGAACAAGGAGTCGTCAGAAACTCCAGACCAGTTTATGACAGCTGATGAGACAAGGAACCTGCAGAATGTGGACATGAAGATTGGGGTGTAA"	"ATG GAC AAG TTT TGG TGG CAC GCA GCC TGG GGA CTC TGC CTC GTG CCG CTG AGC CTG GCG CAG ATC GAT TTG AAT ATA ACC TGC CGC TTT GCA GGT GTA TTC CAC GTG GAG AAA AAT GGT CGC TAC AGC ATC TCT CGG ACG GAG GCC GCT GAC CTC TGC AAG GCT TTC AAT AGC ACC TTG CCC ACA ATG GCC CAG ATG GAG AAA GCT CTG AGC ATC GGA TTT GAG ACC TGC AGG TAT GGG TTC ATA GAA GGG CAC GTG GTG ATT CCC CGG ATC CAC CCC AAC TCC ATC TGT GCA GCA AAC AAC ACA GGG GTG TAC ATC CTC ACA TCC AAC ACC TCC CAG TAT GAC ACA TAT TGC TTC AAT GCT TCA GCT CCA CCT GAA GAA GAT TGT ACA TCA GTC ACA GAC CTG CCC AAT GCC TTT GAT GGA CCA ATT ACC ATA ACT ATT GTT AAC CGT GAT GGC ACC CGC TAT GTC CAG AAA GGA GAA TAC AGA ACG AAT CCT GAA GAC ATC TAC CCC AGC AAC CCT ACT GAT GAT GAC GTG AGC AGC GGC TCC TCC AGT GAA AGG AGC AGC ACT TCA GGA GGT TAC ATC TTT TAC ACC TTT TCT ACT GTA CAC CCC ATC CCA GAC GAA GAC AGT CCC TGG ATC ACC GAC AGC ACA GAC AGA ATC CCT GCT ACC AGA GAC CAA GAC ACA TTC CAC CCC AGT GGG GGG TCC CAT ACC ACT CAT GGA TCT GAA TCA GAT GGA CAC TCA CAT GGG AGT CAA GAA GGT GGA GCA AAC ACA ACC TCT GGT CCT ATA AGG ACA CCC CAA ATT CCA GAA TGG CTG ATC ATC TTG GCA TCC CTC TTG GCC TTG GCT TTG ATT CTT GCA GTT TGC ATT GCA GTC AAC AGT CGA AGA AGG TGT GGG CAG AAG AAA AAG CTA GTG ATC AAC AGT GGC AAT GGA GCT GTG GAG GAC AGA AAG CCA AGT GGA CTC AAC GGA GAG GCC AGC AAG TCT CAG GAA ATG GTG CAT TTG GTG AAC AAG GAG TCG TCA GAA ACT CCA GAC CAG TTT ATG ACA GCT GAT GAG ACA AGG AAC CTG CAG AAT GTG GAC ATG AAG ATT GGG GTG"	"361"	"0.509695"	"0.217391"	"0.907609"	"0.130435"	"false"	"L4_very_long"	"drop_stop"	"balanced"	"mid_regularity"	"q3"	"150"	"0.194916"	"0.217602"	"true"
"human"	"lcl|NC_000011.10_cds_NP_001014986.1_73886"	"ATGTGGAATCTCCTTCACGAAACCGACTCGGCTGTGGCCACCGCGCGCCGCCCGCGCTGGCTGTGCGCTGGGGCGCTGGTGCTGGCGGGTGGCTTCTTTCTCCTCGGCTTCCTCTTCGGGTGGTTTATAAAATCCTCCAATGAAGCTACTAACATTACTCCAAAGCATAATATGAAAGCATTTTTGGATGAATTGAAAGCTGAGAACATCAAGAAGTTCTTATATAATTTTACACAGATACCACATTTAGCAGGAACAGAACAAAACTTTCAGCTTGCAAAGCAAATTCAATCCCAGTGGAAAGAATTTGGCCTGGATTCTGTTGAGCTAGCACATTATGATGTCCTGTTGTCCTACCCAAATAAGACTCATCCCAACTACATCTCAATAATTAATGAAGATGGAAATGAGATTTTCAACACATCATTATTTGAACCACCTCCTCCAGGATATGAAAATGTTTCGGATATTGTACCACCTTTCAGTGCTTTCTCTCCTCAAGGAATGCCAGAGGGCGATCTAGTGTATGTTAACTATGCACGAACTGAAGACTTCTTTAAATTGGAACGGGACATGAAAATCAATTGCTCTGGGAAAATTGTAATTGCCAGATATGGGAAAGTTTTCAGAGGAAATAAGGTTAAAAATGCCCAGCTGGCAGGGGCCAAAGGAGTCATTCTCTACTCCGACCCTGCTGACTACTTTGCTCCTGGGGTGAAGTCCTATCCAGATGGTTGGAATCTTCCTGGAGGTGGTGTCCAGCGTGGAAATATCCTAAATCTGAATGGTGCAGGAGACCCTCTCACACCAGGTTACCCAGCAAATGAATATGCTTATAGGCGTGGAATTGCAGAGGCTGTTGGTCTTCCAAGTATTCCTGTTCATCCAATTGGATACTATGATGCACAGAAGCTCCTAGAAAAAATGGGTGGCTCAGCACCACCAGATAGCAGCTGGAGAGGAAGTCTCAAAGTGCCCTACAATGTTGGACCTGGCTTTACTGGAAACTTTTCTACACAAAAAGTCAAGATGCACATCCACTCTACCAATGAAGTGACAAGAATTTACAATGTGATAGGTACTCTCAGAGGAGCAGTGGAACCAGACAGATATGTCATTCTGGGAGGTCACCGGGACTCATGGGTGTTTGGTGGTATTGACCCTCAGAGTGGAGCAGCTGTTGTTCATGAAATTGTGAGGAGCTTTGGAACACTGAAAAAGGAAGGGTGGAGACCTAGAAGAACAATTTTGTTTGCAAGCTGGGATGCAGAAGAATTTGGTCTTCTTGGTTCTACTGAGTGGGCAGAGGAGAATTCAAGACTCCTTCAAGAGCGTGGCGTGGCTTATATTAATGCTGACTCATCTATAGAAGGAAACTACACTCTGAGAGTTGATTGTACACCGCTGATGTACAGCTTGGTACACAACCTAACAAAAGAGCTGAAAAGCCCTGATGAAGGCTTTGAAGGCAAATCTCTTTATGAAAGTTGGACTAAAAAAAGTCCTTCCCCAGAGTTCAGTGGCATGCCCAGGATAAGCAAATTGGGATCTGGAAATGATTTTGAGGTGTTCTTCCAACGACTTGGAATTGCTTCAGGCAGAGCACGGTATACTAAAAATTGGGAAACAAACAAATTCAGCGGCTATCCACTGTATCACAGTGTCTATGAAACATATGAGTTGGTGGAAAAGTTTTATGATCCAATGTTTAAATATCACCTCACTGTGGCCCAGGTTCGAGGAGGGATGGTGTTTGAGCTAGCCAATTCCATAGTGCTCCCTTTTGATTGTCGAGATTATGCTGTAGTTTTAAGAAAGTATGCTGACAAAATCTACAGTATTTCTATGAAACATCCACAGGAAATGAAGACATACAGTGTATCATTTGATTCACTTTTTTCTGCAGTAAAGAATTTTACAGAAATTGCTTCCAAGTTCAGTGAGAGACTCCAGGACTTTGACAAAAGCAAGCATGTCATCTATGCTCCAAGCAGCCACAACAAGTATGCAGGGGAGTCATTCCCAGGAATTTATGATGCTCTGTTTGATATTGAAAGCAAAGTGGACCCTTCCAAGGCCTGGGGAGAAGTGAAGAGACAGATTTATGTTGCAGCCTTCACAGTGCAGGCAGCTGCAGAGACTTTGAGTGAAGTAGCCTAA"	"ATG TGG AAT CTC CTT CAC GAA ACC GAC TCG GCT GTG GCC ACC GCG CGC CGC CCG CGC TGG CTG TGC GCT GGG GCG CTG GTG CTG GCG GGT GGC TTC TTT CTC CTC GGC TTC CTC TTC GGG TGG TTT ATA AAA TCC TCC AAT GAA GCT ACT AAC ATT ACT CCA AAG CAT AAT ATG AAA GCA TTT TTG GAT GAA TTG AAA GCT GAG AAC ATC AAG AAG TTC TTA TAT AAT TTT ACA CAG ATA CCA CAT TTA GCA GGA ACA GAA CAA AAC TTT CAG CTT GCA AAG CAA ATT CAA TCC CAG TGG AAA GAA TTT GGC CTG GAT TCT GTT GAG CTA GCA CAT TAT GAT GTC CTG TTG TCC TAC CCA AAT AAG ACT CAT CCC AAC TAC ATC TCA ATA ATT AAT GAA GAT GGA AAT GAG ATT TTC AAC ACA TCA TTA TTT GAA CCA CCT CCT CCA GGA TAT GAA AAT GTT TCG GAT ATT GTA CCA CCT TTC AGT GCT TTC TCT CCT CAA GGA ATG CCA GAG GGC GAT CTA GTG TAT GTT AAC TAT GCA CGA ACT GAA GAC TTC TTT AAA TTG GAA CGG GAC ATG AAA ATC AAT TGC TCT GGG AAA ATT GTA ATT GCC AGA TAT GGG AAA GTT TTC AGA GGA AAT AAG GTT AAA AAT GCC CAG CTG GCA GGG GCC AAA GGA GTC ATT CTC TAC TCC GAC CCT GCT GAC TAC TTT GCT CCT GGG GTG AAG TCC TAT CCA GAT GGT TGG AAT CTT CCT GGA GGT GGT GTC CAG CGT GGA AAT ATC CTA AAT CTG AAT GGT GCA GGA GAC CCT CTC ACA CCA GGT TAC CCA GCA AAT GAA TAT GCT TAT AGG CGT GGA ATT GCA GAG GCT GTT GGT CTT CCA AGT ATT CCT GTT CAT CCA ATT GGA TAC TAT GAT GCA CAG AAG CTC CTA GAA AAA ATG GGT GGC TCA GCA CCA CCA GAT AGC AGC TGG AGA GGA AGT CTC AAA GTG CCC TAC AAT GTT GGA CCT GGC TTT ACT GGA AAC TTT TCT ACA CAA AAA GTC AAG ATG CAC ATC CAC TCT ACC AAT GAA GTG ACA AGA ATT TAC AAT GTG ATA GGT ACT CTC AGA GGA GCA GTG GAA CCA GAC AGA TAT GTC ATT CTG GGA GGT CAC CGG GAC TCA TGG GTG TTT GGT GGT ATT GAC CCT CAG AGT GGA GCA GCT GTT GTT CAT GAA ATT GTG AGG AGC TTT GGA ACA CTG AAA AAG GAA GGG TGG AGA CCT AGA AGA ACA ATT TTG TTT GCA AGC TGG GAT GCA GAA GAA TTT GGT CTT CTT GGT TCT ACT GAG TGG GCA GAG GAG AAT TCA AGA CTC CTT CAA GAG CGT GGC GTG GCT TAT ATT AAT GCT GAC TCA TCT ATA GAA GGA AAC TAC ACT CTG AGA GTT GAT TGT ACA CCG CTG ATG TAC AGC TTG GTA CAC AAC CTA ACA AAA GAG CTG AAA AGC CCT GAT GAA GGC TTT GAA GGC AAA TCT CTT TAT GAA AGT TGG ACT AAA AAA AGT CCT TCC CCA GAG TTC AGT GGC ATG CCC AGG ATA AGC AAA TTG GGA TCT GGA AAT GAT TTT GAG GTG TTC TTC CAA CGA CTT GGA ATT GCT TCA GGC AGA GCA CGG TAT ACT AAA AAT TGG GAA ACA AAC AAA TTC AGC GGC TAT CCA CTG TAT CAC AGT GTC TAT GAA ACA TAT GAG TTG GTG GAA AAG TTT TAT GAT CCA ATG TTT AAA TAT CAC CTC ACT GTG GCC CAG GTT CGA GGA GGG ATG GTG TTT GAG CTA GCC AAT TCC ATA GTG CTC CCT TTT GAT TGT CGA GAT TAT GCT GTA GTT TTA AGA AAG TAT GCT GAC AAA ATC TAC AGT ATT TCT ATG AAA CAT CCA CAG GAA ATG AAG ACA TAC AGT GTA TCA TTT GAT TCA CTT TTT TCT GCA GTA AAG AAT TTT ACA GAA ATT GCT TCC AAG TTC AGT GAG AGA CTC CAG GAC TTT GAC AAA AGC AAG CAT GTC ATC TAT GCT CCA AGC AGC CAC AAC AAG TAT GCA GGG GAG TCA TTC CCA GGA ATT TAT GAT GCT CTG TTT GAT ATT GAA AGC AAA GTG GAC CCT TCC AAG GCC TGG GGA GAA GTG AAG AGA CAG ATT TAT GTT GCA GCC TTC ACA GTG CAG GCA GCT GCA GAG ACT TTG AGT GAA GTA GCC"	"719"	"0.436718"	"0.180754"	"0.934722"	"0.168307"	"false"	"L4_very_long"	"drop_stop"	"balanced"	"low_regularity"	"q1"	"150"	"0.194916"	"0.217602"	"true"
"human"	"lcl|NC_000011.10_cds_NP_001071160.1_77497"	"ATGATGCTAGCCTTCTTGGTTCTCAGCACTGGCATGTTTTGCTCATCATCAGCATTCCTTCCTAGTAGCTTCTGTATGTACACTACGTTGATAGCCATGACTGGATGGTATATGGACAAGACTTCCATTGCTGTGCTGGGAGTAGCAGCTGGGGCTATCTTAGGCTGGCCATTCAGTGCAGCTCTTGGTTTACCCATTGCCTTTGATTTGCTGGTCATGAAACACAGGTGGAAGAGTTTCTTTCATTGGTCGCTGATGGCCCTCATACTATTTCTGGTGCCTGTGGTGGTCATTGACAGCTACTATTATGGGAAGTTGGTGATTGCACCACTCAACATTGTTTTGTATAATGTCTTTACTCCTCATGGACCTGATCTTTATGGTACAGAACCCTGGTATTTCTATTTAATTAATGGATTTCTGAATTTCAATGTAGCCTTTGCTTTGGCTCTCCTAGTCCTACCACTGACTTCTCTTATGGAATACCTGCTGCAGAGATTTCATGTTCAGAATTTAGGCCACCCGTATTGGCTTACCTTGGCTCCAATGTATATTTGGTTTATAATTTTCTTCATCCAGCCTCACAAAGAGGAGAGATTTCTTTTCCCTGTGTATCCACTTATATGTCTCTGTGGCGCTGTGGCTCTCTCTGCACTTCAGAAATGTTACCACTTTGTGTTTCAACGATATCGCCTGGAGCACTATACTGTGACATCGAATTGGCTGGCATTAGGAACTGTCTTCCTGTTTGGGCTCTTGTCATTTTCTCGCTCTGTGGCACTGTTCAGAGGATATCACGGGCCCCTTGATTTGTATCCAGAATTTTACCGAATTGCTACAGACCCAACCATCCACACTGTCCCAGAAGGCAGACCTGTGAATGTCTGTGTGGGAAAAGAGTGGTATCGATTTCCCAGCAGCTTCCTTCTTCCTGACAATTGGCAGCTTCAGTTCATTCCATCAGAGTTCAGAGGTCAGTTACCAAAACCTTTTGCAGAAGGACCTCTGGCCACCCGGATTGTTCCTACTGACATGAATGACCAGAATCTAGAAGAGCCATCCAGATATATTGATATCAGTAAATGCCATTATTTAGTGGATTTGGACACCATGAGAGAAACACCCCGGGAGCCAAAATATTCATCCAATAAAGAAGAATGGATCAGCTTGGCCTATAGACCATTCCTTGATGCTTCTAGATCTTCAAAGCTGCTGCGGGCATTCTATGTCCCCTTCCTGTCAGATCAGTATACAGTGTACGTAAACTACACCATCCTCAAACCCCGGAAAGCAAAGCAAATCAGGAAGAAAAGTGGAGGTTAG"	"ATG ATG CTA GCC TTC TTG GTT CTC AGC ACT GGC ATG TTT TGC TCA TCA TCA GCA TTC CTT CCT AGT AGC TTC TGT ATG TAC ACT ACG TTG ATA GCC ATG ACT GGA TGG TAT ATG GAC AAG ACT TCC ATT GCT GTG CTG GGA GTA GCA GCT GGG GCT ATC TTA GGC TGG CCA TTC AGT GCA GCT CTT GGT TTA CCC ATT GCC TTT GAT TTG CTG GTC ATG AAA CAC AGG TGG AAG AGT TTC TTT CAT TGG TCG CTG ATG GCC CTC ATA CTA TTT CTG GTG CCT GTG GTG GTC ATT GAC AGC TAC TAT TAT GGG AAG TTG GTG ATT GCA CCA CTC AAC ATT GTT TTG TAT AAT GTC TTT ACT CCT CAT GGA CCT GAT CTT TAT GGT ACA GAA CCC TGG TAT TTC TAT TTA ATT AAT GGA TTT CTG AAT TTC AAT GTA GCC TTT GCT TTG GCT CTC CTA GTC CTA CCA CTG ACT TCT CTT ATG GAA TAC CTG CTG CAG AGA TTT CAT GTT CAG AAT TTA GGC CAC CCG TAT TGG CTT ACC TTG GCT CCA ATG TAT ATT TGG TTT ATA ATT TTC TTC ATC CAG CCT CAC AAA GAG GAG AGA TTT CTT TTC CCT GTG TAT CCA CTT ATA TGT CTC TGT GGC GCT GTG GCT CTC TCT GCA CTT CAG AAA TGT TAC CAC TTT GTG TTT CAA CGA TAT CGC CTG GAG CAC TAT ACT GTG ACA TCG AAT TGG CTG GCA TTA GGA ACT GTC TTC CTG TTT GGG CTC TTG TCA TTT TCT CGC TCT GTG GCA CTG TTC AGA GGA TAT CAC GGG CCC CTT GAT TTG TAT CCA GAA TTT TAC CGA ATT GCT ACA GAC CCA ACC ATC CAC ACT GTC CCA GAA GGC AGA CCT GTG AAT GTC TGT GTG GGA AAA GAG TGG TAT CGA TTT CCC AGC AGC TTC CTT CTT CCT GAC AAT TGG CAG CTT CAG TTC ATT CCA TCA GAG TTC AGA GGT CAG TTA CCA AAA CCT TTT GCA GAA GGA CCT CTG GCC ACC CGG ATT GTT CCT ACT GAC ATG AAT GAC CAG AAT CTA GAA GAG CCA TCC AGA TAT ATT GAT ATC AGT AAA TGC CAT TAT TTA GTG GAT TTG GAC ACC ATG AGA GAA ACA CCC CGG GAG CCA AAA TAT TCA TCC AAT AAA GAA GAA TGG ATC AGC TTG GCC TAT AGA CCA TTC CTT GAT GCT TCT AGA TCT TCA AAG CTG CTG CGG GCA TTC TAT GTC CCC TTC CTG TCA GAT CAG TAT ACA GTG TAC GTA AAC TAC ACC ATC CTC AAA CCC CGG AAA GCA AAG CAA ATC AGG AAG AAA AGT GGA GGT"	"440"	"0.443939"	"0.197727"	"0.918182"	"0.141472"	"false"	"L4_very_long"	"drop_stop"	"balanced"	"mid_regularity"	"q2"	"150"	"0.194916"	"0.217602"	"true"
"human"	"lcl|NC_000011.10_cds_NP_001338205.1_76616"	"ATGTCCCCTGTTGTTAAGGACCCTGACTGTTTTACACCAATGATTTGCCACTGCAAAGTTGCTTGCACCAACAACACTTTATCGTTGATGTTTGGATGCAAGTATCGATATCAAGATGAGGACGCTCCACATGATCATTCCTTACCTCGACTAACCCACGAAGTAAGAGGCCCAGAACTCGTGCATGTATCAGAAAAGAACCTCTCTCAAATAGAAAATGTCCATGGATATGTCTTGCAGTCTCATATTTCTCCTCTGAAGGCCAGTCCTGCTCCTATAATTGTCAACACAGATACTTTGGACACAATTCCTTATGTCAATGGGACAGAAATTGAATATGAATTTGAAGAAATTACACTGGAGAGGGGGAATTCTGGCCTGGGATTCAGTATTGCTGGGGGGACAGATAATCCCCACATTGGAGATGACCCTGGCATATTTATTACGAAGATTATACCAGGAGGTGCTGCAGCAGAGGATGGCAGACTCAGGGTCAATGATTGTATCTTGCGGGTGAATGAGGTTGATGTGTCAGAGGTTTCCCACAGTAAAGCGGTGGAAGCCCTGAAGGAAGCAGGGTCTATCGTTCGGCTGTATGTGCGTAGAAGACGACCTATTTTGGAGACCGTTGTGGAAATCAAACTGTTCAAAGGCCCTAAAGGTTTAGGCTTCAGTATTGCAGGAGGTGTGGGGAACCAACACATTCCTGGAGACAACAGCATTTATGTAACTAAAATTATAGATGGAGGAGCTGCACAAAAAGATGGAAGGTTGCAAGTAGGAGATAGACTACTAATGGTAAACAACTACAGTTTAGAAGAAGTAACACACGAAGAGGCAGTAGCAATATTAAAGAACACATCAGAGGTAGTTTATTTAAAAGTTGGCAAACCCACTACCATTTATATGACTGATCCTTATGGTCCACCTGATATTACTCACTCTTATTCTCCACCAATGGAAAACCATCTACTCTCTGGCAACAATGGCACTTTAGAATATAAAACCTCCCTGCCACCCATCTCTCCAGGAAGGTACTCACCAATTCCAAAGCACATGCTTGTTGACGACGACTACACCAGGCCTCCGGAACCTGTTTACAGCACTGTGAACAAACTATGTGATAAGCCTGCTTCTCCCAGGCACTATTCCCCTGTTGAGTGTGACAAAAGCTTCCTCCTCTCAGCTCCCTATTCCCACTACCACCTAGGCCTGCTACCTGACTCTGAGATGACCAGTCATTCCCAACATAGCACCGCAACTCGTCAGCCTTCAATGACTCTCCAACGGGCCGTCTCCCTGGAAGGAGAGCCTCGCAAGGTAGTCCTGCACAAAGGCTCCACTGGCCTGGGCTTCAACATTGTCGGTGGGGAAGATGGAGAAGGTATTTTTGTGTCCTTCATTCTGGCTGGTGGACCAGCAGACCTAAGTGGGGAGCTCCAGAGAGGAGACCAGATCCTATCGGTGAATGGCATTGACCTCCGTGGTGCATCCCACGAGCAGGCAGCTGCTGCACTAAAGGGGGCTGGACAGACAGTGACGATTATAGCACAATATCAACCTGAAGATTACGCTCGATTTGAGGCCAAAATCCATGACCTACGAGAGCAGATGATGAACCACAGCATGAGCTCCGGGTCCGGATCCCTGCGAACCAATCAGAAACGCTCCCTCTACGTCAGAGCCATGTTCGACTACGACAAGAGCAAGGACAGTGGGCTGCCAAGTCAAGGACTTAGTTTTAAATATGGAGATATTCTCCACGTTATCAATGCCTCTGATGATGAGTGGTGGCAAGCCAGGAGAGTCATGCTGGAGGGAGACAGTGAGGAGATGGGGGTCATCCCCAGCAAAAGGAGGGTGGAAAGAAAGGAACGTGCCCGATTGAAGACAGTGAAGTTTAATGCCAAACCTGGAGTGATTGATTCGAAAGGGGACATCCCCGGATTAGGTGACGACGGTTATGGAACAAAGACTCTGAGAGGACAAGAAGACCTCATTCTTTCCTATGAGCCTGTTACAAGGCAGGAAATAAACTACACCCGGCCGGTGATTATCCTGGGGCCCATGAAGGATCGGATCAATGACGACTTGATATCTGAATTCCCTGATAAATTTGGCTCCTGTGTGCCTCATACTACGAGGCCAAAGCGAGACTACGAGGTGGATGGCAGAGACTATCACTTTGTCATTTCCAGAGAACAAATGGAGAAAGATATCCAAGAGCACAAGTTTATAGAAGCCGGCCAGTACAATGACAATTTATATGGAACCAGTGTGCAGTCTGTGAGATTTGTAGCAGAAAGAGGCAAACACTGTATACTTGATGTATCAGGAAATGCTATCAAGCGGTTACAAGTTGCCCAGCTCTATCCCATTGCCATCTTCATAAAACCCAGGTCTCTGGAACCTCTTATGGAGATGAATAAGCGTCTAACAGAGGAACAAGCCAAGAAAACCTATGATCGAGCAATTAAGCTAGAACAAGAATTTGGAGAATATTTTACAGCTATTGTCCAAGGAGATACTTTAGAAGATATATATAACCAATGCAAGCTTGTTATTGAAGAGCAATCTGGGCCTTTCATCTGGATTCCCTCAAAGGAAAAGTTATAA"	"ATG TCC CCT GTT GTT AAG GAC CCT GAC TGT TTT ACA CCA ATG ATT TGC CAC TGC AAA GTT GCT TGC ACC AAC AAC ACT TTA TCG TTG ATG TTT GGA TGC AAG TAT CGA TAT CAA GAT GAG GAC GCT CCA CAT GAT CAT TCC TTA CCT CGA CTA ACC CAC GAA GTA AGA GGC CCA GAA CTC GTG CAT GTA TCA GAA AAG AAC CTC TCT CAA ATA GAA AAT GTC CAT GGA TAT GTC TTG CAG TCT CAT ATT TCT CCT CTG AAG GCC AGT CCT GCT CCT ATA ATT GTC AAC ACA GAT ACT TTG GAC ACA ATT CCT TAT GTC AAT GGG ACA GAA ATT GAA TAT GAA TTT GAA GAA ATT ACA CTG GAG AGG GGG AAT TCT GGC CTG GGA TTC AGT ATT GCT GGG GGG ACA GAT AAT CCC CAC ATT GGA GAT GAC CCT GGC ATA TTT ATT ACG AAG ATT ATA CCA GGA GGT GCT GCA GCA GAG GAT GGC AGA CTC AGG GTC AAT GAT TGT ATC TTG CGG GTG AAT GAG GTT GAT GTG TCA GAG GTT TCC CAC AGT AAA GCG GTG GAA GCC CTG AAG GAA GCA GGG TCT ATC GTT CGG CTG TAT GTG CGT AGA AGA CGA CCT ATT TTG GAG ACC GTT GTG GAA ATC AAA CTG TTC AAA GGC CCT AAA GGT TTA GGC TTC AGT ATT GCA GGA GGT GTG GGG AAC CAA CAC ATT CCT GGA GAC AAC AGC ATT TAT GTA ACT AAA ATT ATA GAT GGA GGA GCT GCA CAA AAA GAT GGA AGG TTG CAA GTA GGA GAT AGA CTA CTA ATG GTA AAC AAC TAC AGT TTA GAA GAA GTA ACA CAC GAA GAG GCA GTA GCA ATA TTA AAG AAC ACA TCA GAG GTA GTT TAT TTA AAA GTT GGC AAA CCC ACT ACC ATT TAT ATG ACT GAT CCT TAT GGT CCA CCT GAT ATT ACT CAC TCT TAT TCT CCA CCA ATG GAA AAC CAT CTA CTC TCT GGC AAC AAT GGC ACT TTA GAA TAT AAA ACC TCC CTG CCA CCC ATC TCT CCA GGA AGG TAC TCA CCA ATT CCA AAG CAC ATG CTT GTT GAC GAC GAC TAC ACC AGG CCT CCG GAA CCT GTT TAC AGC ACT GTG AAC AAA CTA TGT GAT AAG CCT GCT TCT CCC AGG CAC TAT TCC CCT GTT GAG TGT GAC AAA AGC TTC CTC CTC TCA GCT CCC TAT TCC CAC TAC CAC CTA GGC CTG CTA CCT GAC TCT GAG ATG ACC AGT CAT TCC CAA CAT AGC ACC GCA ACT CGT CAG CCT TCA ATG ACT CTC CAA CGG GCC GTC TCC CTG GAA GGA GAG CCT CGC AAG GTA GTC CTG CAC AAA GGC TCC ACT GGC CTG GGC TTC AAC ATT GTC GGT GGG GAA GAT GGA GAA GGT ATT TTT GTG TCC TTC ATT CTG GCT GGT GGA CCA GCA GAC CTA AGT GGG GAG CTC CAG AGA GGA GAC CAG ATC CTA TCG GTG AAT GGC ATT GAC CTC CGT GGT GCA TCC CAC GAG CAG GCA GCT GCT GCA CTA AAG GGG GCT GGA CAG ACA GTG ACG ATT ATA GCA CAA TAT CAA CCT GAA GAT TAC GCT CGA TTT GAG GCC AAA ATC CAT GAC CTA CGA GAG CAG ATG ATG AAC CAC AGC ATG AGC TCC GGG TCC GGA TCC CTG CGA ACC AAT CAG AAA CGC TCC CTC TAC GTC AGA GCC ATG TTC GAC TAC GAC AAG AGC AAG GAC AGT GGG CTG CCA AGT CAA GGA CTT AGT TTT AAA TAT GGA GAT ATT CTC CAC GTT ATC AAT GCC TCT GAT GAT GAG TGG TGG CAA GCC AGG AGA GTC ATG CTG GAG GGA GAC AGT GAG GAG ATG GGG GTC ATC CCC AGC AAA AGG AGG GTG GAA AGA AAG GAA CGT GCC CGA TTG AAG ACA GTG AAG TTT AAT GCC AAA CCT GGA GTG ATT GAT TCG AAA GGG GAC ATC CCC GGA TTA GGT GAC GAC GGT TAT GGA ACA AAG ACT CTG AGA GGA CAA GAA GAC CTC ATT CTT TCC TAT GAG CCT GTT ACA AGG CAG GAA ATA AAC TAC ACC CGG CCG GTG ATT ATC CTG GGG CCC ATG AAG GAT CGG ATC AAT GAC GAC TTG ATA TCT GAA TTC CCT GAT AAA TTT GGC TCC TGT GTG CCT CAT ACT ACG AGG CCA AAG CGA GAC TAC GAG GTG GAT GGC AGA GAC TAT CAC TTT GTC ATT TCC AGA GAA CAA ATG GAG AAA GAT ATC CAA GAG CAC AAG TTT ATA GAA GCC GGC CAG TAC AAT GAC AAT TTA TAT GGA ACC AGT GTG CAG TCT GTG AGA TTT GTA GCA GAA AGA GGC AAA CAC TGT ATA CTT GAT GTA TCA GGA AAT GCT ATC AAG CGG TTA CAA GTT GCC CAG CTC TAT CCC ATT GCC ATC TTC ATA AAA CCC AGG TCT CTG GAA CCT CTT ATG GAG ATG AAT AAG CGT CTA ACA GAG GAA CAA GCC AAG AAA ACC TAT GAT CGA GCA ATT AAG CTA GAA CAA GAA TTT GGA GAA TAT TTT ACA GCT ATT GTC CAA GGA GAT ACT TTA GAA GAT ATA TAT AAC CAA TGC AAG CTT GTT ATT GAA GAG CAA TCT GGG CCT TTC ATC TGG ATT CCC TCA AAG GAA AAG TTA"	"871"	"0.461538"	"0.190695"	"0.923001"	"0.147095"	"false"	"L4_very_long"	"drop_stop"	"balanced"	"low_regularity"	"q1"	"150"	"0.194916"	"0.217602"	"true"
"human"	"lcl|NC_000011.10_cds_NP_001356376.1_74579"	"ATGGCGGCTGCTGCTGCACGCTGGAACCATGTGTGGGTCGGCACCGAGACTGGGATCTTGAAAGGGGTAAATCTTCAGCGAAAACAGGCGGCGAACTTCACGGCCGGAGGACAGCCGCGGCGCGAGGAGGCAGTGAGCGCCCTGTGTTGGGGCACCGGCGGCGAGACCCAGATGCTGGTGGGCTGCGCGGACAGGACGGTGAAGCACTTCAGCACCGAGGATGGCATATTCCAGGGTCAGAGACACTGCCCGGGCGGGGAGGGCATGTTCCGTGGCCTCGCCCAGGCCGACGGCACCCTCATCACATGTGTGGATTCTGGGATTCTCAGAGTCTGGCATGACAAGGACAAGGACACATCCTCTGACCCAGTGAGGCTCCCCTGCCCTGATGGTTGGGGGAGGTGGGCTGGGCTCCTGGAACTGAGAGTGGGCCCTGGGGTGTGTAGGATGCGCCAAGACCCAGCACACCCCCATGTGGTTGCCACAGGTGGGAAAGAGAATGCTTTGAAGATATGGGACCTGCAGGGCTCTGAGGAACCTGTGTTCAGGGCCAAGAACGTGCGGAATGACTGGCTGGACTTGCGGGTTCCCATCTGGGACCAGGACATACAGTTTCTCCCAGGATCACAGAAGCTTGTCACCTGCACAGGGTACCACCAGGTCCGTGTTTATGATCCAGCATCCCCCCAGCGCCGGCCAGTCCTAGAGACCACCTATGGAGAGTACCCACTAACAGCCATGACCCTCACTCCGGGAGGCAACTCAGTGATTGTGGGAAACACTCATGGGCAGCTGGCAGAAATTGACCTTCGGCAAGGGCGTCTACTGGGCTGTCTGAAGGGGCTGGCAGGCAGTGTGCGTGGGTTGCAGTGCCACCCTTCAAAGCCTCTACTAGCCTCCTGTGGCTTGGACAGAGTCTTGAGGATACACAGGATCCAGAATCCACGGGGTCTGGAGCATAAGGTTTATCTCAAGTCTCAATTGAACTGCCTCCTCTTGTCAGGCAGGGACAACTGGGAGGATGAGCCCCAAGAGCCTCAAGAACCCAACAAGGTGCCCCTAGAAGACACAGAGACAGATGAACTTTGGGCATCCTTGGAGGCAGCTGCCAAGCGGAAGCTCTCGGGTTTGGAGCAGCCCCAAGGAGCTCTCCAAACGAGACGGAGAAAGAAGAAGCGGCCTGGGTCCACCAGCCCCTGA"	"ATG GCG GCT GCT GCT GCA CGC TGG AAC CAT GTG TGG GTC GGC ACC GAG ACT GGG ATC TTG AAA GGG GTA AAT CTT CAG CGA AAA CAG GCG GCG AAC TTC ACG GCC GGA GGA CAG CCG CGG CGC GAG GAG GCA GTG AGC GCC CTG TGT TGG GGC ACC GGC GGC GAG ACC CAG ATG CTG GTG GGC TGC GCG GAC AGG ACG GTG AAG CAC TTC AGC ACC GAG GAT GGC ATA TTC CAG GGT CAG AGA CAC TGC CCG GGC GGG GAG GGC ATG TTC CGT GGC CTC GCC CAG GCC GAC GGC ACC CTC ATC ACA TGT GTG GAT TCT GGG ATT CTC AGA GTC TGG CAT GAC AAG GAC AAG GAC ACA TCC TCT GAC CCA GTG AGG CTC CCC TGC CCT GAT GGT TGG GGG AGG TGG GCT GGG CTC CTG GAA CTG AGA GTG GGC CCT GGG GTG TGT AGG ATG CGC CAA GAC CCA GCA CAC CCC CAT GTG GTT GCC ACA GGT GGG AAA GAG AAT GCT TTG AAG ATA TGG GAC CTG CAG GGC TCT GAG GAA CCT GTG TTC AGG GCC AAG AAC GTG CGG AAT GAC TGG CTG GAC TTG CGG GTT CCC ATC TGG GAC CAG GAC ATA CAG TTT CTC CCA GGA TCA CAG AAG CTT GTC ACC TGC ACA GGG TAC CAC CAG GTC CGT GTT TAT GAT CCA GCA TCC CCC CAG CGC CGG CCA GTC CTA GAG ACC ACC TAT GGA GAG TAC CCA CTA ACA GCC ATG ACC CTC ACT CCG GGA GGC AAC TCA GTG ATT GTG GGA AAC ACT CAT GGG CAG CTG GCA GAA ATT GAC CTT CGG CAA GGG CGT CTA CTG GGC TGT CTG AAG GGG CTG GCA GGC AGT GTG CGT GGG TTG CAG TGC CAC CCT TCA AAG CCT CTA CTA GCC TCC TGT GGC TTG GAC AGA GTC TTG AGG ATA CAC AGG ATC CAG AAT CCA CGG GGT CTG GAG CAT AAG GTT TAT CTC AAG TCT CAA TTG AAC TGC CTC CTC TTG TCA GGC AGG GAC AAC TGG GAG GAT GAG CCC CAA GAG CCT CAA GAA CCC AAC AAG GTG CCC CTA GAA GAC ACA GAG ACA GAT GAA CTT TGG GCA TCC TTG GAG GCA GCT GCC AAG CGG AAG CTC TCG GGT TTG GAG CAG CCC CAA GGA GCT CTC CAA ACG AGA CGG AGA AAG AAG AAG CGG CCT GGG TCC ACC AGC CCC"	"399"	"0.594820"	"0.202857"	"0.912500"	"0.152476"	"false"	"L4_very_long"	"drop_stop"	"balanced"	"mid_regularity"	"q2"	"150"	"0.194916"	"0.217602"	"true"
